{
  "project_group": "imbed_saves",
  "data_filenames": [
    "cluster_13_labels.parquet",
    "cluster_21_labels.parquet",
    "clusters_df.parquet",
    "planar_embeddings.parquet",
    "oa_embeddings_batch_keys.pkl",
    "raw_data.csv",
    "embeddable.parquet",
    "merged_artifacts.parquet",
    "embeddings_df.parquet"
  ],
  "data_filepaths": {
    "/Users/thorwhalen/Dropbox/_odata/app_data/imbed/saves/eurovis/cluster_13_labels.parquet": 2757,
    "/Users/thorwhalen/Dropbox/_odata/app_data/imbed/saves/eurovis/cluster_21_labels.parquet": 2951,
    "/Users/thorwhalen/Dropbox/_odata/app_data/imbed/saves/eurovis/clusters_df.parquet": 62187,
    "/Users/thorwhalen/Dropbox/_odata/app_data/imbed/saves/eurovis/planar_embeddings.parquet": 108013,
    "/Users/thorwhalen/Dropbox/_odata/app_data/imbed/saves/eurovis/oa_embeddings_batch_keys.pkl": 152155,
    "/Users/thorwhalen/Dropbox/_odata/app_data/imbed/saves/eurovis/raw_data.csv": 7475089,
    "/Users/thorwhalen/Dropbox/_odata/app_data/imbed/saves/eurovis/embeddable.parquet": 7503590,
    "/Users/thorwhalen/Dropbox/_odata/app_data/imbed/saves/eurovis/merged_artifacts.parquet": 7586259,
    "/Users/thorwhalen/Dropbox/_odata/app_data/imbed/saves/eurovis/embeddings_df.parquet": 69047579
  },
  "code_file": "eurovis.py",
  "code_contents": "\"\"\"Data prep for Eurovis data.\"\"\"\n\nfrom functools import partial\nimport os\nfrom dataclasses import dataclass, KW_ONLY\nfrom typing import Optional\n\nfrom dol import cache_this as _cache_this\nfrom imbed.util import (\n    saves_join,\n    planar_embeddings,\n    planar_embeddings_dict_to_df,\n    add_extension,\n)\n\n\nimport pandas as pd\n\n\ndata_name = 'eurovis'\n\n# raw_data_name = 'github_repos.parquet'\n\n# TODO: Use config2py tools to use and save default values\n# TODO: Use config2py tools to include a message containing the default values\n_DFLT_CACHE_DIR = saves_join(data_name)\n\nDFLT_CACHE_DIR = os.environ.get('EUROVIS_CACHE_DIR', default=_DFLT_CACHE_DIR)\n\nDFLT_N_CLUSTERS = (5, 8, 13, 21, 34)\n\n\nimport oa\nfrom dataclasses import dataclass, KW_ONLY\nfrom imbed.base import (\n    LocalSavesMixin,\n    DFLT_SAVES_DIR,\n    DFLT_EMBEDDING_MODEL,\n)\nfrom imbed.data_prep import ImbedArtifactsMixin\n\n\n# TODO: Move embed_segments_one_by_one to reusables (e.g. imbed)\nfrom typing import Mapping, Generator\n\nKeyVectorPairs = Generator[tuple[str, list[float]], None, None]\n\n\ndef embed_segments_one_by_one(segments: Mapping[str, str]) -> KeyVectorPairs:\n    print(f\"This could take a LONG TIME!!!\")\n    assert isinstance(segments, dict)\n    for i, (key, segment) in enumerate(segments.items()):\n        try:\n            vector = oa.embeddings(segment)\n            yield key, vector\n        except Exception as e:\n            print(f\"Error processing ({i=}) {key}: {e}\")\n            # continue\n\n\n# TODO: _cache_this doesn't work well with partial\n# cache_this = partial(_cache_this, cache='cache')\ncache_this = partial(_cache_this, cache='saves', key=add_extension('parquet'))\n\n\n@dataclass\nclass EurovisDacc(LocalSavesMixin, ImbedArtifactsMixin):\n    name: Optional[str] = data_name\n    _: KW_ONLY\n    saves_dir: str = os.path.join(DFLT_SAVES_DIR, data_name)\n    verbose: int = 1\n    model: str = DFLT_EMBEDDING_MODEL\n\n    @cache_this(key=add_extension('csv'))\n    def raw_data(self):\n        \"\"\"The purpose of this function is to return the data that the user would\n        have manually place in the saved_dir, so the method should never actually\n        be called.\"\"\"\n        raise FileNotFoundError(\n            \"You need to place a file called `raw_data.csv` in the directory: \"\n            f\"{self.saves_dir}\"\n        )\n\n    @cache_this(pre_cache=True)\n    def embeddable(self):\n        # remove rows with missing title or abstract\n        df = self.raw_data.dropna(subset=['title', 'abstract'])\n        ## Add some util columns\n        # contatenate title and abstract to make segment\n        df['segment'] = '##' + df['title'] + '\\n\\n' + df.get('abstract')\n\n        assert not any(df.segment.isna()), \"some segments are NaN\"\n\n        # apply oa.num_tokens to segment to get n_tokens\n        df['n_tokens'] = df['segment'].apply(oa.num_tokens)\n        max_tokens = oa.util.embeddings_models[oa.base.DFLT_EMBEDDINGS_MODEL][\n            'max_input'\n        ]\n        assert df['n_tokens'].max() <= max_tokens, \"some segments exceed max tokens\"\n\n        df.set_index('doi', drop=False, inplace=True)\n        df.index.name = 'id_'\n        return df\n\n    # Replace by more scalable default\n    @cache_this\n    def embeddings_df(self):\n        \"\"\"WARNING: This could take A LONG TIME\"\"\"\n        segments = self.segments()  # TODO: Should detect if property or method!\n        vectors = dict(embed_segments_one_by_one(segments))\n        df = pd.DataFrame(vectors).T\n        df.index.name = 'id_'\n        return df\n\n    @cache_this\n    def planar_embeddings(self):\n        # TODO: Test this\n        d = planar_embeddings(self.embeddings_df)\n        # make it into a dataframe with the same index as the embeddings_df\n        return planar_embeddings_dict_to_df(d)\n\n    @property\n    def segments(self):\n        df = self.embeddable\n        segments = dict(zip(df.index.values, df.segment))\n        assert len(segments) == len(df), \"oops, duplicate DOIs\"\n        assert all(\n            map(oa.text_is_valid, df.segment.values)\n        ), \"some segments are invalid\"\n\n        return segments\n\n    @cache_this\n    def clusters_df(self):\n        return super().clusters_df()\n\n    @cache_this(cache='saves', key=add_extension('parquet'))\n    def merged_artifacts(self):\n        t = self.embeddable\n        t = t.merge(self.planar_embeddings, left_index=True, right_index=True)\n        t = t.merge(self.clusters_df, left_index=True, right_index=True)\n        return t\n\n    @cache_this\n    def testing123(self):\n        return pd.DataFrame({'a': [1, 2, 3], 'b': [4, 5, 6]})\n",
  "num_of_data_files": 9,
  "tables_info": {
    "cluster_13_labels.parquet": {
      "shape": [
        13,
        1
      ],
      "first_row": {
        "label": "\"Visualization in Network Analysis\""
      }
    },
    "cluster_21_labels.parquet": {
      "shape": [
        21,
        1
      ],
      "first_row": {
        "label": "\"Molecular Visualization Techniques Analysis\""
      }
    },
    "clusters_df.parquet": {
      "shape": [
        5599,
        5
      ],
      "first_row": {
        "cluster_05": 4,
        "cluster_08": 7,
        "cluster_13": 12,
        "cluster_21": 16,
        "cluster_34": 30
      }
    },
    "planar_embeddings.parquet": {
      "shape": [
        5597,
        2
      ],
      "first_row": {
        "x": -16.3073959351,
        "y": -14.7055711746
      }
    },
    "oa_embeddings_batch_keys.pkl": null,
    "raw_data.csv": {
      "shape": [
        5699,
        8
      ],
      "first_row": {
        "year": 2024,
        "title": "A Prediction-Traversal Approach for Compressing Scientific Data on Unstructured Meshes with Bounded Error",
        "doi": "10.1111/cgf.15097",
        "abstract": "We explore an error-bounded lossy compression approach for reducing scientific data associated with 2D/3D unstructured meshes. While existing lossy compressors offer a high compression ratio with bounded error for regular grid data, methodologies tailored for unstructured mesh data are lacking; for example, one can compress nodal data as 1D arrays, neglecting the spatial coherency of the mesh nodes. Inspired by the SZ compressor, which predicts and quantizes values in a multidimensional array, we dynamically reorganize nodal data into sequences. Each sequence starts with a seed cell; based on a predefined traversal order, the next cell is added to the sequence if the current cell can predict and quantize the nodal data in the next cell with the given error bound. As a result, one can efficiently compress the quantized nodal data in each sequence until all mesh nodes are traversed. This paper also introduces a suite of novel error metrics, namely continuous mean squared error (CMSE) and continuous peak signal-to-noise ratio (CPSNR), to assess compression results for unstructured mesh data. The continuous error metrics are defined by integrating the error function on all cells, providing objective statistics across nonuniformly distributed nodes/cells in the mesh. We evaluate our methods with several scientific simulations ranging from ocean-climate models and computational fluid dynamics simulations with both traditional and continuous error metrics. We demonstrated superior compression ratios and quality than existing lossy compressors.",
        "authorNamesDeduped": "Congrong Ren;Xin Liang 0001;Hanqi Guo 0001",
        "award": null,
        "resources": "P",
        "link": "https://vispubs.com/?paper=10.1111%2Fcgf.15097"
      }
    },
    "embeddable.parquet": {
      "shape": [
        5597,
        11
      ],
      "first_row": {
        "conference": "EuroVis",
        "year": 2024,
        "title": "A Prediction-Traversal Approach for Compressing Scientific Data on Unstructured Meshes with Bounded Error",
        "doi": "10.1111/cgf.15097",
        "abstract": "We explore an error-bounded lossy compression approach for reducing scientific data associated with 2D/3D unstructured meshes. While existing lossy compressors offer a high compression ratio with bounded error for regular grid data, methodologies tailored for unstructured mesh data are lacking; for example, one can compress nodal data as 1D arrays, neglecting the spatial coherency of the mesh nodes. Inspired by the SZ compressor, which predicts and quantizes values in a multidimensional array, we dynamically reorganize nodal data into sequences. Each sequence starts with a seed cell; based on a predefined traversal order, the next cell is added to the sequence if the current cell can predict and quantize the nodal data in the next cell with the given error bound. As a result, one can efficiently compress the quantized nodal data in each sequence until all mesh nodes are traversed. This paper also introduces a suite of novel error metrics, namely continuous mean squared error (CMSE) and continuous peak signal-to-noise ratio (CPSNR), to assess compression results for unstructured mesh data. The continuous error metrics are defined by integrating the error function on all cells, providing objective statistics across nonuniformly distributed nodes/cells in the mesh. We evaluate our methods with several scientific simulations ranging from ocean-climate models and computational fluid dynamics simulations with both traditional and continuous error metrics. We demonstrated superior compression ratios and quality than existing lossy compressors.",
        "authorNamesDeduped": "Congrong Ren;Xin Liang 0001;Hanqi Guo 0001",
        "award": null,
        "resources": "P",
        "link": "https://vispubs.com/?paper=10.1111%2Fcgf.15097",
        "segment": "##A Prediction-Traversal Approach for Compressing Scientific Data on Unstructured Meshes with Bounded Error\n\nWe explore an error-bounded lossy compression approach for reducing scientific data associated with 2D/3D unstructured meshes. While existing lossy compressors offer a high compression ratio with bounded error for regular grid data, methodologies tailored for unstructured mesh data are lacking; for example, one can compress nodal data as 1D arrays, neglecting the spatial coherency of the mesh nodes. Inspired by the SZ compressor, which predicts and quantizes values in a multidimensional array, we dynamically reorganize nodal data into sequences. Each sequence starts with a seed cell; based on a predefined traversal order, the next cell is added to the sequence if the current cell can predict and quantize the nodal data in the next cell with the given error bound. As a result, one can efficiently compress the quantized nodal data in each sequence until all mesh nodes are traversed. This paper also introduces a suite of novel error metrics, namely continuous mean squared error (CMSE) and continuous peak signal-to-noise ratio (CPSNR), to assess compression results for unstructured mesh data. The continuous error metrics are defined by integrating the error function on all cells, providing objective statistics across nonuniformly distributed nodes/cells in the mesh. We evaluate our methods with several scientific simulations ranging from ocean-climate models and computational fluid dynamics simulations with both traditional and continuous error metrics. We demonstrated superior compression ratios and quality than existing lossy compressors.",
        "n_tokens": 318
      }
    },
    "merged_artifacts.parquet": {
      "shape": [
        5599,
        18
      ],
      "first_row": {
        "conference": "EuroVis",
        "year": 2024,
        "title": "A Prediction-Traversal Approach for Compressing Scientific Data on Unstructured Meshes with Bounded Error",
        "doi": "10.1111/cgf.15097",
        "abstract": "We explore an error-bounded lossy compression approach for reducing scientific data associated with 2D/3D unstructured meshes. While existing lossy compressors offer a high compression ratio with bounded error for regular grid data, methodologies tailored for unstructured mesh data are lacking; for example, one can compress nodal data as 1D arrays, neglecting the spatial coherency of the mesh nodes. Inspired by the SZ compressor, which predicts and quantizes values in a multidimensional array, we dynamically reorganize nodal data into sequences. Each sequence starts with a seed cell; based on a predefined traversal order, the next cell is added to the sequence if the current cell can predict and quantize the nodal data in the next cell with the given error bound. As a result, one can efficiently compress the quantized nodal data in each sequence until all mesh nodes are traversed. This paper also introduces a suite of novel error metrics, namely continuous mean squared error (CMSE) and continuous peak signal-to-noise ratio (CPSNR), to assess compression results for unstructured mesh data. The continuous error metrics are defined by integrating the error function on all cells, providing objective statistics across nonuniformly distributed nodes/cells in the mesh. We evaluate our methods with several scientific simulations ranging from ocean-climate models and computational fluid dynamics simulations with both traditional and continuous error metrics. We demonstrated superior compression ratios and quality than existing lossy compressors.",
        "authorNamesDeduped": "Congrong Ren;Xin Liang 0001;Hanqi Guo 0001",
        "award": null,
        "resources": "P",
        "link": "https://vispubs.com/?paper=10.1111%2Fcgf.15097",
        "segment": "##A Prediction-Traversal Approach for Compressing Scientific Data on Unstructured Meshes with Bounded Error\n\nWe explore an error-bounded lossy compression approach for reducing scientific data associated with 2D/3D unstructured meshes. While existing lossy compressors offer a high compression ratio with bounded error for regular grid data, methodologies tailored for unstructured mesh data are lacking; for example, one can compress nodal data as 1D arrays, neglecting the spatial coherency of the mesh nodes. Inspired by the SZ compressor, which predicts and quantizes values in a multidimensional array, we dynamically reorganize nodal data into sequences. Each sequence starts with a seed cell; based on a predefined traversal order, the next cell is added to the sequence if the current cell can predict and quantize the nodal data in the next cell with the given error bound. As a result, one can efficiently compress the quantized nodal data in each sequence until all mesh nodes are traversed. This paper also introduces a suite of novel error metrics, namely continuous mean squared error (CMSE) and continuous peak signal-to-noise ratio (CPSNR), to assess compression results for unstructured mesh data. The continuous error metrics are defined by integrating the error function on all cells, providing objective statistics across nonuniformly distributed nodes/cells in the mesh. We evaluate our methods with several scientific simulations ranging from ocean-climate models and computational fluid dynamics simulations with both traditional and continuous error metrics. We demonstrated superior compression ratios and quality than existing lossy compressors.",
        "n_tokens": 318,
        "x": -16.3073959351,
        "y": -14.7055711746,
        "cluster_05": 4,
        "cluster_08": 7,
        "cluster_13": 12,
        "cluster_21": 16,
        "cluster_34": 30
      }
    },
    "embeddings_df.parquet": {
      "shape": [
        5599,
        1
      ],
      "first_row": {
        "embedding": [
          0.045571942,
          0.039998397,
          0.02147455,
          0.03886351,
          0.011367766,
          0.013442084,
          0.021764575,
          0.0014469785,
          -0.014703067,
          0.03911571,
          0.0055514798,
          -0.01909129,
          -0.005135355,
          -0.015610975,
          0.0077802683,
          0.025358377,
          0.034601387,
          -0.017477231,
          0.0033353013,
          0.021638477,
          0.006594944,
          -0.029633112,
          0.011909989,
          -0.046000678,
          -0.003927964,
          -0.010106782,
          0.045445845,
          0.03445007,
          0.074952856,
          -0.08246832,
          0.014324772,
          -0.025370987,
          -0.025824942,
          -0.028674765,
          0.017212424,
          0.046227656,
          -0.016304517,
          0.047614735,
          -0.0017842916,
          0.021209743,
          0.046000678,
          0.009224094,
          0.0045553027,
          0.024563959,
          -0.004980885,
          0.009413241,
          0.0038586094,
          -0.025295328,
          -0.0040193847,
          0.042242948,
          -0.013555572,
          0.036089346,
          -0.017288083,
          -0.037854724,
          -0.021953722,
          -0.036871158,
          -0.014690458,
          0.037753846,
          -0.013429474,
          -0.039216585,
          0.010352675,
          -0.037652966,
          -0.0046278094,
          0.024059566,
          -0.010188746,
          0.022596825,
          0.032382056,
          -0.0035023817,
          0.018208602,
          0.008517943,
          -0.00494936,
          0.010043734,
          0.04955665,
          -0.014993094,
          -0.0023533104,
          -0.06905146,
          -0.019583074,
          0.014375212,
          -0.00591086,
          -0.00295543,
          0.01610276,
          0.013492524,
          0.055331957,
          -0.055937227,
          -0.042167287,
          0.006349052,
          -0.060728963,
          0.0019860489,
          -0.07238045,
          0.020440543,
          -0.023113828,
          0.026480652,
          -0.0015454929,
          0.025724063,
          0.01829687,
          -0.025547525,
          0.0022524318,
          -0.03419787,
          0.052557793,
          0.0031761022,
          -0.0032202366,
          0.010428334,
          0.041612454,
          -0.037148573,
          0.04665639,
          0.027640758,
          -0.009306058,
          0.012868336,
          -0.0012452212,
          0.020907106,
          0.027741637,
          0.008322491,
          -0.056088544,
          0.023252536,
          0.027413782,
          -0.006377424,
          -0.045496285,
          0.023239926,
          0.027716417,
          0.038560875,
          0.0015399761,
          -0.023265146,
          0.039468784,
          0.013303376,
          0.047059905,
          -0.04133504,
          0.03129761,
          -0.01184694,
          0.022798581,
          0.005229929,
          -0.0004496194,
          0.0031083243,
          0.003587498,
          -0.03760253,
          -0.033062987,
          0.015648805,
          -0.051019393,
          0.028573886,
          0.02680851,
          0.0011112416,
          -0.018460799,
          0.029532233,
          0.04494145,
          0.035912808,
          0.017313303,
          0.012263064,
          0.022193309,
          0.07480154,
          -0.03442485,
          0.055231076,
          -0.01979744,
          -0.010031124,
          -0.040023617,
          -0.033416063,
          0.0024557654,
          -0.047160782,
          0.028750423,
          0.011670402,
          -0.016317125,
          -0.041713335,
          -0.02441264,
          0.015674025,
          -0.0010363708,
          0.0032533375,
          0.041662894,
          0.032508153,
          -0.05583635,
          -0.011752366,
          -0.044563156,
          -0.009066471,
          -0.004240057,
          -0.04713556,
          0.004489101,
          -0.020226175,
          0.0353832,
          0.0056523583,
          0.016443225,
          -0.030314043,
          -0.02291207,
          -0.022533774,
          -0.029910529,
          0.024097394,
          0.017716818,
          0.028044272,
          -0.008177478,
          0.004548998,
          0.0071245567,
          0.05190208,
          0.010396808,
          0.01984788,
          -0.0641084,
          0.052809987,
          0.016859349,
          0.032129858,
          -0.014135625,
          -0.028094713,
          0.029280037,
          0.038535655,
          0.044588376,
          -0.030894095,
          0.031549808,
          -0.01452653,
          0.04605112,
          0.0025724063,
          0.005475821,
          -0.0076226452,
          -0.01911651,
          0.015535316,
          -0.019646123,
          -0.045597162,
          -0.003297472,
          0.028447788,
          0.017010666,
          -0.03296211,
          -0.03596325,
          -0.02365605,
          -0.035484076,
          0.06173775,
          -0.0004728688,
          0.015737073,
          -0.021991553,
          0.015560537,
          0.027363341,
          0.020957546,
          -0.005132203,
          -0.029103499,
          0.006708432,
          -0.044537935,
          0.027060706,
          -0.025787111,
          0.03134805,
          -0.027262462,
          -0.047539078,
          0.011531694,
          -0.03578671,
          -0.08019855,
          -0.009608694,
          -0.040149715,
          0.027312903,
          0.007338924,
          -0.0001729912,
          -0.010548127,
          0.017489841,
          0.009261924,
          0.015068753,
          0.03127239,
          -0.033870015,
          -0.006746262,
          0.033315185,
          -0.010951642,
          -0.008738616,
          0.014097796,
          -0.009602389,
          -0.019721782,
          -0.03432397,
          -0.059266225,
          -0.027817296,
          0.0626961,
          0.019343486,
          0.056340743,
          -0.025370987,
          -0.053818773,
          0.006739957,
          -0.018826483,
          -0.024904424,
          -0.03520666,
          0.043302175,
          -0.0031713734,
          0.004508016,
          -0.021537598,
          -0.004583675,
          0.007093032,
          0.005469516,
          -0.019747002,
          -0.01899041,
          0.037678186,
          -0.01912912,
          0.018208602,
          0.017187204,
          0.03207942,
          -0.001828426,
          -0.04519365,
          0.019545244,
          0.016985448,
          0.003704139,
          0.014930044,
          0.006771481,
          -0.01528312,
          0.01069314,
          -0.030137505,
          0.040754985,
          -0.037274674,
          -0.030036626,
          0.02441264,
          -0.0042589717,
          0.052204717,
          -0.065520704,
          -0.04489101,
          -0.03132283,
          -0.05195252,
          0.027136365,
          -0.01073097,
          -0.0063522044,
          0.04204119,
          -0.032306395,
          -0.0098230615,
          -0.028649544,
          0.015875783,
          -0.016846739,
          0.0056397486,
          -0.052103836,
          0.059467983,
          -0.010863373,
          0.024715276,
          -0.059921935,
          -0.020982765,
          0.037173793,
          -0.011247973,
          0.051498566,
          -0.015522706,
          -0.033289965,
          -0.043957885,
          0.05270911,
          -0.02447569,
          -0.0044165947,
          0.028094713,
          -0.034349192,
          0.015573146,
          -0.009400632,
          -0.03805648,
          -0.0082405275,
          -0.0072065205,
          0.04120894,
          -0.024967473,
          -0.029254816,
          -0.019709172,
          0.03137327,
          0.03896439,
          0.010289625,
          0.009306058,
          -0.028876523,
          -0.042142067,
          -0.028750423,
          0.019986589,
          0.02056664,
          0.051044613,
          0.038359117,
          0.023441684,
          0.05270911,
          -0.0011648335,
          -0.039216585,
          -0.018839093,
          -0.0051700324,
          -0.026278896,
          0.067386955,
          0.016405394,
          -0.0019450671,
          -0.026606752,
          0.023265146,
          -0.03674506,
          -0.040780205,
          -0.008789055,
          0.007950501,
          0.03127239,
          -0.0037482735,
          0.002315481,
          -0.020516202,
          0.030263605,
          0.02054142,
          -0.010176137,
          0.011928904,
          0.05825744,
          -0.012452212,
          0.0010915388,
          -0.016695421,
          0.022558995,
          -0.0081396485,
          0.05117071,
          0.027363341,
          0.047942594,
          0.023946077,
          0.05175076,
          -0.045975458,
          -0.006314375,
          0.036316324,
          0.025017912,
          -0.004296801,
          0.01611537,
          -0.06022457,
          -0.0048421766,
          -0.046101555,
          -0.010863373,
          -0.056845136,
          0.027287683,
          0.04070455,
          0.034122214,
          0.037123352,
          -0.026455434,
          0.042469922,
          0.020301834,
          -0.0034204177,
          0.010472468,
          -0.045420624,
          -0.027792076,
          -0.018927362,
          0.023164267,
          0.042167287,
          0.029557453,
          0.010447248,
          -0.014803946,
          0.02597626,
          -0.059266225,
          0.020251395,
          -0.04660595,
          0.017830307,
          -0.021978943,
          0.017653769,
          -0.0087323105,
          -0.04196553,
          -0.005135355,
          0.017401572,
          0.0023249383,
          -0.027665978,
          -0.025560135,
          -0.024097394,
          0.03296211,
          0.03969576,
          -0.050615877,
          0.031877663,
          -0.06895058,
          -0.015787514,
          0.010661615,
          -0.010440943,
          0.028069492,
          -0.006632773,
          0.034651827,
          -0.02147455,
          0.021487158,
          0.017351132,
          -0.036165006,
          -0.018095113,
          -0.01899041,
          -0.017313303,
          -0.013315986,
          0.015484877,
          -0.04829567,
          0.018687775,
          0.009545645,
          -0.0030941383,
          -0.023605611,
          0.008580993,
          -0.04138548,
          0.04421008,
          0.0054600583,
          -0.01992354,
          -0.034828365,
          0.06456236,
          -0.030641899,
          0.049027037,
          -0.0006454659,
          -0.01297552,
          0.029885309,
          -0.017174596,
          0.0066832127,
          -0.023315584,
          0.016216248,
          0.03270991,
          -0.00458998,
          -0.0009701692,
          0.009375412,
          0.026884168,
          -0.05109505,
          0.016506273,
          -0.006645383,
          0.010182441,
          0.006424711,
          0.010592261,
          0.007868537,
          0.026833728,
          -0.0007944196,
          -0.0071245567,
          -0.02225636,
          -0.005709103,
          0.02066752,
          0.011254278,
          0.042116847,
          -5.3721e-06,
          -0.023479512,
          0.015875783,
          0.017262865,
          -0.031726345,
          -0.03883829,
          0.084233694,
          -0.012534176,
          0.010100477,
          -0.02291207,
          -0.060577646,
          0.030868875,
          0.023088608,
          0.03452573,
          0.07540681,
          0.016468445,
          -0.0026527941,
          0.024185663,
          0.012710714,
          0.0117965005,
          -0.035131,
          0.009053862,
          -0.012029783,
          0.02824603,
          0.023807367,
          0.0015754412,
          0.018183382,
          0.003202898,
          0.007250655,
          0.06178819,
          -0.0102139665,
          -0.008839495,
          0.0237191,
          0.009760012,
          0.007168691,
          -0.028044272,
          0.004734993,
          0.0013933867,
          -0.054524925,
          -0.0130763985,
          -0.037627745,
          -0.07323792,
          -0.0029002621,
          -0.01143712,
          0.02668241,
          0.007490242,
          0.0411585,
          0.06708432,
          -0.03583715,
          0.0003844029,
          -0.017073717,
          -0.0259006,
          0.014286943,
          0.011954123,
          0.023807367,
          -0.0025739826,
          0.0017921728,
          0.043049976,
          -0.004678249,
          -0.007187606,
          -0.006809311,
          -0.02678329,
          0.0017701056,
          0.004880006,
          -0.012773762,
          -0.06713476,
          0.04133504,
          -0.007610035,
          0.0026969283,
          0.03984708,
          0.0129503,
          -0.0006139414,
          -0.022609433,
          -0.0137195,
          0.026858948,
          -0.0006364026,
          0.0046624863,
          0.0055199554,
          -0.0024431555,
          0.0072884844,
          -0.0031761022,
          -0.020175736,
          0.0031792547,
          0.024753107,
          0.0035307538,
          -0.011235363,
          -0.0038239325,
          -0.06204039,
          0.003937421,
          0.003587498,
          0.0135681825,
          -0.0414107,
          0.017212424,
          0.012723323,
          -0.045521505,
          0.028119931,
          0.010340065,
          0.024803545,
          -0.047589518,
          0.015926221,
          0.026985047,
          0.0048957686,
          0.00571856,
          -0.005970757,
          0.033340402,
          -0.02912872,
          -0.010579651,
          -0.020024417,
          -0.058408756,
          -0.012124356,
          0.012521566,
          -0.01220632,
          0.0075091566,
          0.01182172,
          0.031802002,
          0.01378255,
          -0.014274333,
          -0.03220552,
          -0.0011766552,
          0.030616678,
          0.005876183,
          0.04605112,
          0.022672484,
          0.0021673155,
          -0.013189888,
          0.028447788,
          -0.014211284,
          -0.01988571,
          0.010163527,
          0.03228118,
          -0.015106582,
          -0.013315986,
          0.061586432,
          -0.009690658,
          -0.0044922535,
          -0.047211222,
          -0.025005303,
          -0.0001318122,
          0.00917996,
          0.011336242,
          -0.024400031,
          -0.044664036,
          0.0024431555,
          0.0005891157,
          -0.024614397,
          -0.00996177,
          0.015447048,
          0.03661896,
          -0.02065491,
          0.02057925,
          0.023618221,
          0.025370987,
          0.0032076268,
          -0.0018552219,
          -0.0275651,
          0.02673285,
          0.025484476,
          0.011865854,
          0.04668161,
          -0.0062103434,
          -0.038560875,
          0.005043934,
          -0.028473007,
          -0.043201294,
          0.005595614,
          -0.0024573416,
          0.042596024,
          0.03757731,
          0.0025897447,
          0.010390504,
          -0.009602389,
          -0.013139448,
          -0.017830307,
          -0.028548665,
          -0.017817697,
          0.029179158,
          -0.009741098,
          -0.008360321,
          -0.031171512,
          0.020427933,
          -0.024652228,
          0.01378255,
          0.037930384,
          0.06183863,
          0.045975458,
          0.0259006,
          0.015522706,
          0.0077172187,
          0.021537598,
          0.0019529482,
          -0.02143672,
          -0.015018313,
          -0.028473007,
          0.02445047,
          -0.016279297,
          0.041637674,
          -0.01379516,
          0.0144887,
          -0.013240326,
          0.017275473,
          -0.02133584,
          -0.027943393,
          0.008372931,
          0.034021333,
          0.010541822,
          -0.013832989,
          -0.012710714,
          -0.01901563,
          0.01675847,
          -0.0023280908,
          -0.009142131,
          -0.0025881687,
          0.001820545,
          -0.023895636,
          0.008852104,
          -0.009053862,
          -0.028397348,
          -0.030213164,
          -0.01682152,
          -0.018095113,
          -0.024526129,
          -0.006777786,
          0.045395404,
          -0.01824643,
          0.009053862,
          0.0080387695,
          -0.0031729497,
          -0.0032533375,
          0.0020869276,
          -0.013807769,
          -0.0033573685,
          0.018889533,
          0.0016739556,
          -0.03437441,
          -0.030339263,
          0.01066792,
          -0.051271588,
          -0.004653029,
          -0.005147965,
          0.008688176,
          -0.018977802,
          -0.026909387,
          -0.023101218,
          -0.035307538,
          0.013593402,
          0.027766857,
          0.030364482,
          -0.012136966,
          0.02912872,
          -0.010415724,
          -0.016165808,
          -0.013870819,
          0.01144973,
          0.0043661552,
          -0.01830948,
          -0.007893757,
          -0.029986188,
          0.02355517,
          0.011260582,
          -0.003360521,
          -0.006364814,
          -0.007925281,
          0.036972035,
          -0.00728218,
          -0.032457717,
          0.010132003,
          -0.011903684,
          -0.007250655,
          -0.0021326384,
          -0.016455835,
          -1.76341e-05,
          -0.007767658,
          0.041688114,
          0.014438261,
          -0.003704139,
          0.03520666,
          -0.058358315,
          0.01915434,
          -0.008524248,
          -0.021134084,
          -0.030868875,
          -0.019343486,
          0.021121474,
          0.0038995915,
          0.026304115,
          0.03225596,
          -0.010062648,
          0.026077138,
          -0.010649006,
          0.0017212424,
          0.0061662095,
          0.01378255,
          -0.039216585,
          0.03505534,
          0.0003637149,
          -0.0016802605,
          0.020440543,
          -0.019747002,
          -0.04665639,
          0.010976861,
          -0.027085925,
          -0.019229999,
          -0.052860428,
          -0.034677047,
          -0.03202898,
          0.01767899,
          0.030087067,
          -0.009772622,
          -0.007956806,
          0.03293689,
          0.0008432827,
          -0.10289625,
          -0.0065886388,
          0.013858208,
          -0.0017874441,
          0.004224295,
          -0.015547927,
          0.005813134,
          0.03805648,
          0.012672884,
          -0.0137195,
          -0.0035748882,
          -0.016695421,
          -0.0183347,
          0.008467504,
          -0.011506475,
          -0.021991553,
          -0.004233752,
          -0.007017373,
          -0.02368127,
          0.010440943,
          0.0024368507,
          0.0057973717,
          0.025459256,
          0.017729428,
          -0.010352675,
          0.007918976,
          0.013189888,
          0.022987729,
          0.0012286708,
          0.019255217,
          0.006068483,
          0.0013500404,
          -0.030364482,
          0.03424831,
          0.034828365,
          -0.016935008,
          0.000769594,
          -0.003284862,
          -0.008057685,
          -3.08596e-05,
          -0.028296469,
          -0.011058825,
          0.023101218,
          -0.034651827,
          0.014022136,
          -0.0396201,
          0.02293729,
          0.0048011946,
          -0.044361398,
          0.0055231075,
          -0.01912912,
          0.017149376,
          0.018460799,
          -0.0038365424,
          0.023731709,
          -0.004337783,
          0.016468445,
          -0.016871959,
          -0.041486356,
          0.015383999,
          -0.028599106,
          0.037501648,
          0.022294188,
          -0.014551749,
          -0.036215447,
          -0.02447569,
          -0.043302175,
          0.028069492,
          0.022395067,
          -0.023038168,
          -0.010232881,
          0.025824942,
          0.015434437,
          0.01612798,
          0.018284261,
          -0.022533774,
          -0.013404255,
          -0.00591086,
          -0.02365605,
          0.0040446045,
          0.028321689,
          0.00591086,
          0.025761893,
          -0.01603971,
          0.02822081,
          0.0026969283,
          0.021751964,
          0.020982765,
          -0.0056460537,
          0.030213164,
          0.025396207,
          0.023933467,
          0.022395067,
          -0.056340743,
          -0.028750423,
          -0.024929643,
          0.03979664,
          -0.044033542,
          0.0035591258,
          -0.0008763835,
          0.0792402,
          0.009892415,
          0.0022855327,
          -0.008202697,
          0.01834731,
          0.021802405,
          0.0062387157,
          0.007408278,
          -0.029834868,
          0.0008290966,
          0.05876183,
          -0.017086327,
          -0.008372931,
          0.023416463,
          0.04491623,
          -0.012313504,
          0.02365605,
          0.005929775,
          0.015623585,
          -0.020037027,
          0.000343421,
          -0.0024069021,
          -0.016291907,
          0.011853245,
          0.00042637,
          0.033491723,
          0.007496547,
          -0.007168691,
          -0.029078279,
          0.031600244,
          0.017199814,
          0.017653769,
          -0.0051290505,
          0.022294188,
          -0.02143672,
          0.014930044,
          -0.03573627,
          0.032155078,
          0.020339664,
          -0.009047557,
          -0.0009402208,
          0.012023478,
          0.017414182,
          -0.0098167565,
          0.030667119,
          -0.012363943,
          5.96504e-05,
          0.0030894096,
          0.015333559,
          0.006803006,
          0.04864874,
          0.03596325,
          0.004709773,
          0.014589579,
          -0.019520024,
          0.071169905,
          -0.006777786,
          0.016493663,
          -0.05175076,
          0.037753846,
          0.026833728,
          0.0081396485,
          -0.08337623,
          -0.021499768,
          -0.008883629,
          -0.033920456,
          -0.036871158,
          -0.012748543,
          -0.022823801,
          0.021789795,
          -0.009148435,
          -0.066226855,
          0.02209243,
          0.0412846,
          -0.0063742716,
          0.0062103434,
          0.0034992292,
          -0.016506273,
          0.022079822,
          -8.97466e-05,
          -0.009772622,
          -0.03286123,
          0.01992354,
          0.021209743,
          0.026304115,
          0.029633112,
          -0.038384337,
          -0.023151657,
          -0.032558594,
          0.042369045,
          -0.012704409,
          -0.017742038,
          0.0037293585,
          0.01901563,
          0.01146234,
          0.054878,
          -0.046378974,
          0.0074524125,
          -0.0008755954,
          -0.015901001,
          0.0037230537,
          0.02147455,
          0.021096254,
          -0.036291104,
          -0.0033037767,
          0.030490581,
          0.012534176,
          0.02902784,
          -0.006922799,
          0.01902824,
          0.022016771,
          0.032457717,
          -0.0023012948,
          -0.0032107793,
          -0.0021862302,
          0.0031177816,
          0.016153198,
          0.017464621,
          -0.043932665,
          -0.013870819,
          0.031448927,
          -0.04045235,
          -0.02824603,
          0.02523228,
          -0.031146292,
          -0.010428334,
          -0.006708432,
          -0.010686835,
          -0.007704609,
          0.0081396485,
          -0.035458855,
          0.015157022,
          0.012773762,
          0.011519084,
          -0.012269369,
          0.028826082,
          0.010573346,
          -0.017401572,
          0.011714537,
          -0.029481795,
          0.004719231,
          -0.037854724,
          -0.0032249652,
          -0.040628888,
          -0.011367766,
          -0.016518883,
          0.03886351,
          0.023580391,
          0.012767457,
          -0.013631231,
          -0.027287683,
          0.029507013,
          0.0128809465,
          0.017010666,
          -0.0004929657,
          -0.016708031,
          -0.0017764105,
          0.016619762,
          0.043882225,
          0.006739957,
          -0.03225596,
          -0.03984708,
          0.030087067,
          -0.030793216,
          -0.01528312,
          -0.027085925,
          0.01112818,
          -0.0044102897,
          -0.0034550948,
          0.019192168,
          -0.008070295,
          0.0125657,
          -0.029254816,
          0.010939032,
          0.007723524,
          0.02368127,
          0.015926221,
          -0.013858208,
          -0.0066012484,
          -0.017338524,
          0.005125898,
          0.01680891,
          0.010548127,
          0.012653969,
          0.0065823337,
          -0.016291907,
          -0.0019277285,
          0.0012735933,
          0.009097996,
          0.011588438,
          -0.0109075075,
          -0.01610276,
          0.005311893,
          -0.011197533,
          0.010781409,
          -0.025459256,
          -0.028447788,
          0.007565901,
          0.0005493159,
          -0.0053024357,
          0.0041328734,
          -0.004939903,
          -0.004255819,
          -0.007099337,
          0.02147455,
          -0.029885309,
          -0.029456574,
          0.010686835,
          -0.033870015,
          0.014349992,
          0.01451392,
          0.021222353,
          0.029179158,
          0.032457717,
          0.031776782,
          -0.016430615,
          -0.0037829506,
          0.0052677584,
          0.0029112955,
          -0.022041991,
          0.0016912941,
          0.058156557,
          0.008549468,
          -0.0002504234,
          -0.0117965005,
          0.01760333,
          0.023946077,
          -0.02069274,
          0.011764976,
          0.01832209,
          -0.043705687,
          0.0053024357,
          0.012653969,
          0.000652953,
          -0.0111029595,
          -0.0010647429,
          0.014803946,
          -0.020932326,
          0.00295543,
          -0.011815416,
          -0.021600647,
          -0.022445505,
          0.0048201093,
          -0.02288685,
          -0.063755326,
          0.025030522,
          0.007093032,
          0.004734993,
          -0.007786573,
          0.00237853,
          0.05265867,
          -0.04668161,
          -0.034853585,
          -0.019747002,
          0.01300074,
          0.0027505201,
          -0.03520666,
          0.005980214,
          0.003745121,
          -0.0072380453,
          -0.0013327019,
          0.06632773,
          -0.004047757,
          -0.014009527,
          0.019671343,
          -0.022722922,
          -0.033239525,
          0.02600148,
          -0.01830948,
          0.017666379,
          0.018006844,
          -0.03445007,
          0.012136966,
          -0.011361461,
          -0.0007711702,
          0.005119593,
          0.0198731,
          0.027388562,
          -0.015081363,
          0.031650685,
          -0.022041991,
          0.03137327,
          -0.034702264,
          0.0065886388,
          0.009016032,
          0.010548127,
          -0.0289774,
          -0.03361782,
          0.0063616615,
          -0.012559395,
          0.0051164404,
          0.010365284,
          -0.016569324,
          -0.006714737,
          0.014476091,
          0.0042526666,
          0.009123215,
          0.023605611,
          0.01445087,
          -0.014286943,
          0.011247973,
          0.010422029,
          0.017363742,
          -0.033844795,
          -0.014715677,
          0.029885309,
          0.02134845,
          0.020125296,
          -0.0024431555,
          -0.011809111,
          0.014993094,
          -0.008417064,
          -0.024248712,
          0.0034582473,
          -0.008631432,
          0.01912912,
          0.022395067,
          -0.00800094,
          0.01297552,
          0.0035149914,
          -0.02215548,
          0.014337382,
          0.022760753,
          0.021020595,
          -0.011443425,
          0.012414383,
          -0.0025393055,
          0.017918576,
          0.021651087,
          0.002143672,
          -0.026404994,
          -0.006739957,
          -0.002135791,
          0.0069858483,
          -0.0027442153,
          0.043302175,
          0.0001376245,
          -0.012080221,
          -0.0117965005,
          0.057248652,
          0.022420287,
          0.007162386,
          0.0007049686,
          -0.003237575,
          -0.01456436,
          -0.017401572,
          -0.010428334,
          -0.04645463,
          0.001828426,
          0.00724435,
          0.0071434714,
          -0.01834731,
          -0.012370248,
          0.038737413,
          -0.013202497,
          0.0020033875,
          -0.04123416,
          -0.036820717,
          0.03122195,
          0.018460799,
          -0.0053087403,
          -0.030112285,
          0.031852443,
          -0.023731709,
          0.02902784,
          0.03429875,
          -0.029834868,
          -0.010768799,
          0.012527871,
          -0.010005904,
          0.035509296,
          -0.019835271,
          0.016241467,
          -0.03283601,
          -0.020932326,
          -0.0029774972,
          -0.0003487408,
          0.0017464621,
          -0.01523268,
          0.015610975,
          -0.008644042,
          -0.0149552645,
          -0.0038869816,
          0.021676306,
          0.012338723,
          0.041511577,
          0.0097221825,
          -0.012887252,
          -0.035584953,
          0.030414922,
          -0.0031398488,
          0.016228858,
          -0.042116847,
          -0.014640018,
          -0.016695421,
          0.007414583,
          0.0035654309,
          0.005620834,
          0.05876183,
          -0.01688457,
          -0.022395067,
          0.032508153,
          -0.0067651765,
          -0.006150447,
          -0.0035402111,
          -0.012155881,
          -0.025055742,
          -0.049329676,
          0.010756189,
          -0.016304517,
          0.0038365424,
          0.0002606689,
          -0.045647603,
          0.013391645,
          0.052305594,
          0.019343486,
          -0.025749283,
          0.002728453,
          -0.03351694,
          -0.011922599,
          0.010844458,
          -0.020100078,
          0.034626607,
          -0.0030042932,
          -0.0037514258,
          -0.033870015,
          0.004939903,
          0.008499029,
          0.0275651,
          0.039468784,
          -0.004939903,
          -0.007036288,
          0.015812732,
          0.03200376,
          0.0034550948,
          -0.022458116,
          -0.016632373,
          -0.0038333898,
          0.0055703945,
          -0.008789055,
          0.005813134,
          -0.020112686,
          0.01223154,
          0.0579548,
          0.019267827,
          -0.004170703,
          -0.009841976,
          -0.022949899,
          -0.011954123,
          0.043049976,
          0.03818258,
          -0.020112686,
          -0.017956404,
          -0.01379516,
          0.005135355,
          -0.0067651765,
          0.024954863,
          0.013946477,
          0.046984244,
          0.010630091,
          0.041435916,
          -0.038333897,
          0.019507414,
          0.03674506,
          -0.027312903,
          0.021121474,
          0.008757531,
          0.003994165,
          -0.0003107142,
          -0.012143271,
          0.022546384,
          0.02597626,
          0.017994234,
          0.023618221,
          -0.0015927798,
          0.03745121,
          0.025824942,
          -0.032785572,
          0.0031981694,
          0.05137247,
          -0.010434639,
          -0.009211484,
          0.01452653,
          -0.03422309,
          0.0006009375,
          0.006074788,
          0.019204779,
          -0.0259006,
          0.03505534,
          -0.020490982,
          -0.007313704,
          -0.030061847,
          0.034601387,
          0.019633513,
          0.046782486,
          0.004287344,
          0.0051511177,
          -0.0012822626,
          -0.021966333,
          -0.025509696,
          -0.023996515,
          0.04052801,
          -0.016367566,
          0.0005784762,
          0.0040509095,
          0.008543164,
          0.018435579,
          -0.04277256,
          0.0004098196,
          0.030767998,
          0.007565901,
          0.0018457646,
          0.005437991,
          -0.0029396678,
          -0.026606752,
          0.029960968,
          -0.0007274299,
          0.0025755588,
          -0.057046894,
          -0.0017086326,
          -0.015371389,
          -0.015850563,
          -0.022395067,
          -0.014766117,
          0.014652628,
          0.015560537,
          0.031121073,
          -0.014690458,
          0.010882287,
          -0.024248712,
          0.004293649,
          -0.024173053,
          -0.0070615076,
          -0.0019229999,
          0.028195592,
          -0.007767658,
          -0.016254077,
          -0.019583074,
          0.0048264144,
          0.02068013,
          -0.004158093,
          0.03044014,
          0.007925281,
          0.0019293047,
          -0.0037104439,
          -0.012824202,
          -0.040654108,
          0.028296469,
          0.01296291,
          0.017388962,
          -0.010831848,
          0.003429875,
          0.015157022,
          -0.010422029,
          0.024387421,
          -0.028170371,
          -0.017048497,
          0.017905965,
          0.012641359,
          0.040099274,
          0.006163057,
          -0.002728453,
          0.03916615,
          -0.013883429,
          0.0036379374,
          0.0025865925,
          0.017754648,
          0.006213496,
          0.0022650417,
          0.043756127,
          0.008492724,
          0.009457376,
          0.01986049,
          -0.009974379,
          0.04670683,
          0.008908848,
          -0.03127239,
          -0.016455835,
          0.02301295,
          0.0048768534,
          0.015005703,
          -0.0063837287,
          -0.0037577308,
          -0.009444767,
          0.026556313,
          0.016972838,
          0.028372128,
          0.037854724,
          0.032785572,
          -0.03044014,
          -0.0045805224,
          -0.007843317,
          0.011582133,
          -0.0113929855,
          -0.0047476026,
          0.0026275744,
          0.0017669532,
          0.016695421,
          -0.014778727,
          0.0046278094,
          0.027035486,
          0.015005703,
          -0.008997117,
          -0.018158162,
          0.009274534,
          -0.011235363,
          0.0014217589,
          0.010939032,
          0.003883829,
          0.025358377,
          0.017073717,
          0.0047539077,
          -0.0113992905,
          -0.0016944465,
          -0.0030436988,
          0.0021956875,
          -0.013832989,
          0.015194851,
          -0.020818837,
          0.0059266225,
          0.01261614,
          0.025547525,
          -0.026253676,
          0.0013886581,
          -0.011626268,
          -0.00725696,
          -0.030087067,
          0.0039563356,
          -0.030213164,
          -0.00761634,
          0.005980214,
          -0.0063332897,
          0.017918576,
          0.009173655,
          -0.009753707,
          0.015056143,
          -0.01989832,
          -0.0052803685,
          -0.015093972
        ]
      }
    }
  }
}