{
  "project_group": "figiri",
  "data_filenames": [
    "hcp_closest_tenth_knn_graph.parquet",
    "aggregate_titles_embeddings_umap_2d.parquet",
    "publications-hcp2.tsv.zip",
    "planar_cited_mean_embeddings.tsv.zip",
    "planar_cited_normalized_mean_embeddings.tsv.zip",
    "aggregate_titles_embeddings_umap_2d_with_info.tsv.zip",
    "publications-hcp2-umap.tsv.zip",
    "aggregate_titles_embeddings_umap_2d_with_info.parquet",
    "citation-links-hcp3.tsv.zip",
    "hcp_closest_third_knn_graph.parquet",
    "planar_cited_mean_embeddings.tsv",
    "planar_cited_normalized_mean_embeddings.tsv",
    "aggregate_titles_embeddings_umap_2d_with_info.tsv",
    "publications-hcp2-umap.tsv",
    "citation-links-hcp3.tsv",
    "hcp_nearest_neighbors_graph.parquet",
    "publications-hcp3__.tsv.zip",
    "publications-hcp3-with_titles_aggregates.parquet",
    "publications-hcp3__.tsv",
    "aggregate_titles_embeddings.parquet",
    "publications-hcp2-embeddings.parquet"
  ],
  "data_filepaths": {
    "/Users/thorwhalen/Dropbox/_odata/figiri/hcp/hcp_closest_tenth_knn_graph.parquet": 4766154,
    "/Users/thorwhalen/Dropbox/_odata/figiri/hcp/aggregate_titles_embeddings_umap_2d.parquet": 5937956,
    "/Users/thorwhalen/Dropbox/_odata/figiri/hcp/publications-hcp2.tsv.zip": 19827594,
    "/Users/thorwhalen/Dropbox/_odata/figiri/hcp/planar_cited_mean_embeddings.tsv.zip": 23499637,
    "/Users/thorwhalen/Dropbox/_odata/figiri/hcp/planar_cited_normalized_mean_embeddings.tsv.zip": 23501402,
    "/Users/thorwhalen/Dropbox/_odata/figiri/hcp/aggregate_titles_embeddings_umap_2d_with_info.tsv.zip": 24122647,
    "/Users/thorwhalen/Dropbox/_odata/figiri/hcp/publications-hcp2-umap.tsv.zip": 24897163,
    "/Users/thorwhalen/Dropbox/_odata/figiri/hcp/aggregate_titles_embeddings_umap_2d_with_info.parquet": 28688799,
    "/Users/thorwhalen/Dropbox/_odata/figiri/hcp/citation-links-hcp3.tsv.zip": 34737177,
    "/Users/thorwhalen/Dropbox/_odata/figiri/hcp/hcp_closest_third_knn_graph.parquet": 39241800,
    "/Users/thorwhalen/Dropbox/_odata/figiri/hcp/planar_cited_mean_embeddings.tsv": 64035351,
    "/Users/thorwhalen/Dropbox/_odata/figiri/hcp/planar_cited_normalized_mean_embeddings.tsv": 64049212,
    "/Users/thorwhalen/Dropbox/_odata/figiri/hcp/aggregate_titles_embeddings_umap_2d_with_info.tsv": 65721718,
    "/Users/thorwhalen/Dropbox/_odata/figiri/hcp/publications-hcp2-umap.tsv": 67654955,
    "/Users/thorwhalen/Dropbox/_odata/figiri/hcp/citation-links-hcp3.tsv": 166244320,
    "/Users/thorwhalen/Dropbox/_odata/figiri/hcp/hcp_nearest_neighbors_graph.parquet": 547303301,
    "/Users/thorwhalen/Dropbox/_odata/figiri/hcp/publications-hcp3__.tsv.zip": 896039599,
    "/Users/thorwhalen/Dropbox/_odata/figiri/hcp/publications-hcp3-with_titles_aggregates.parquet": 1416063312,
    "/Users/thorwhalen/Dropbox/_odata/figiri/hcp/publications-hcp3__.tsv": 2655749137,
    "/Users/thorwhalen/Dropbox/_odata/figiri/hcp/aggregate_titles_embeddings.parquet": 3068080148,
    "/Users/thorwhalen/Dropbox/_odata/figiri/hcp/publications-hcp2-embeddings.parquet": 3172041035
  },
  "code_file": "hcp.py",
  "code_contents": "\"\"\"HCP publications data\"\"\"\n\nimport os\nfrom functools import cached_property, partial\nfrom dataclasses import dataclass, field\nfrom typing import Sequence, Callable\nimport pandas as pd\nimport numpy as np\nimport io\n\nfrom dol import Files\n\nfrom imbed.util import (\n    umap_2d_embeddings,\n    umap_2d_embeddings_df,\n    two_d_embedding_dict_to_df,\n    save_df_to_zipped_tsv,\n    fuzzy_induced_graph,\n    # get_config,\n)\n\n\ndef get_src_key_from_local_configs():\n    config_val = os.environ.get('HCP_PUBS_SRC_KEY', None)\n    if config_val:\n        return config_val\n    else:\n        raise ValueError(\n            \"You must specify a src_key or set HCP_PUBS_SRC_KEY in environment variables\"\n        )\n\n\n# def embeddings_for_ids(ids: Sequence[int], embeddings):\n#     return np.vstack(embeddings.loc[ids].values)\ndef embeddings_for_ids(ids: Sequence[int], embeddings_df: pd.DataFrame):\n    return np.vstack(embeddings_df.loc[ids].values)\n\n\ndef aggregate_values(d: dict, value_aggregator: Callable, value_func: Callable):\n    return {k: value_aggregator(value_func(v)) for k, v in d.items()}\n\n\n# a version of the mean that *might* better reflect the cosine similarity between the vectors\ndef cosine_mean_aggregator(vectors: np.ndarray):\n    return vectors.mean(axis=0) / np.linalg.norm(vectors.mean(axis=0))\n\n\n# normalized means (where we first normalize each vector before taking the mean)\n# Normalization is done by dividing each vector by its norm\n# This is in order to (perhaps) better reflect the cosine similarity between the vectors\n# Note: What about `vectors.mean(axis=0) / np.linalg.norm(vectors.mean(axis=0))`?\ndef normalized_mean_aggregator(vectors: np.ndarray):\n    return (vectors / np.linalg.norm(vectors, axis=1)[:, None]).mean(axis=0)\n\n\nsimple_mean_aggregator = partial(np.mean, axis=0)\n\n\n@dataclass\nclass Hcp3Dacc:\n    src_key: str = field(default_factory=get_src_key_from_local_configs)\n    mean_aggregator: Callable[[np.ndarray], np.ndarray] = cosine_mean_aggregator\n    src_store_factory: Callable = Files\n\n    titles_aggr_src_key = 'publications-hcp3-with_titles_aggregates.parquet'\n    embeddings_src_key = 'publications-hcp2-embeddings.parquet'\n    citations_src_key = 'citation-links-hcp3.tsv.zip'\n    info_src_key = 'publications-hcp2.tsv.zip'\n    aggregate_titles_embeddings_key = 'aggregate_titles_embeddings.parquet'\n\n    @cached_property\n    def pjoin(self):\n        return lambda *args: os.path.join(self.src_key, *args)\n\n    @cached_property\n    def store(self):\n        return Files(self.src_key)\n\n    @cached_property\n    def embeddings_filepath(self):\n        return self.pjoin(self.embeddings_src_key)\n\n    @cached_property\n    def citations_hcp3_src(self):\n        return self.pjoin(self.citations_src_key)\n\n    @cached_property\n    def info_filepath(self):\n        return self.pjoin(self.info_src_key)\n\n    @cached_property\n    def aggregate_titles_embeddings_filepath(self):\n        return self.pjoin(self.aggregate_titles_embeddings_key)\n\n    @cached_property\n    def embeddings_hcp2(self):\n        embeddings_hcp2 = pd.read_parquet(self.embeddings_filepath)\n        embeddings_hcp2 = embeddings_hcp2.set_index('id')['embedding']\n        return embeddings_hcp2\n\n    @cached_property\n    def _citations_hcp3(self):\n        return pd.read_csv(self.citations_hcp3_src, sep='\\t')\n\n    @property\n    def _citations_ids(self):\n        return set(self._citations_hcp3['citing_pub_id']) | set(\n            self._citations_hcp3['cited_pub_id']\n        )\n\n    def citation_graph(\n        self, min_proportion=1, *, min_citations: int = 1, ids_with_embeddings=None\n    ):\n        \"\"\"\n        Return the citation graph as a dict of {citing_id: [cited_id, ...]} pairs.\n        The graph is pruned to only include articles who have a `min_proportion`\n        of citations that have embeddings (in ids_with_embeddings).\n\n        Args:\n            min_proportion (float): The minimum proportion of citations that must have\n                embeddings for a node to be included in the graph.\n\n        \"\"\"\n        if ids_with_embeddings is None:\n            ids_with_embeddings = set(self.aggregate_titles_embeddings['id'])\n        citations = {\n            k: v for k, v in self.citations_of.items() if len(v) >= min_citations\n        }\n        return dict(\n            fuzzy_induced_graph(\n                citations,\n                ids_with_embeddings,\n                min_proportion=min_proportion,\n            )\n        )\n\n    @cached_property\n    def embeddings_ids(self):\n        return set(self.embeddings_hcp2.index)\n\n    @cached_property\n    def missing_embedding_ids(self):\n        return self._citations_ids - self.embeddings_ids\n\n    @cached_property\n    def missing_cited_ids(dacc):\n        cited_ids = set(dacc.citations_hcp3['cited_pub_id'])\n        return set(dacc.info_hcp2['id']) - cited_ids\n\n    @cached_property\n    def citations_hcp3(self):\n        return self._citations_hcp3[\n            ~self._citations_hcp3['citing_pub_id'].isin(self.missing_embedding_ids)\n            & ~self._citations_hcp3['cited_pub_id'].isin(self.missing_embedding_ids)\n        ]\n\n    @cached_property\n    def cited_by(self):\n        return (\n            self.citations_hcp3.groupby('cited_pub_id')['citing_pub_id']\n            .apply(set)\n            .apply(list)\n            .to_dict()\n        )\n\n    @cached_property\n    def citations_of(self):\n        return (\n            self.citations_hcp3.groupby('citing_pub_id')['cited_pub_id']\n            .apply(set)\n            .apply(list)\n            .to_dict()\n        )\n\n    @cached_property\n    def ids(self):\n        return next(iter(self.citations_of.values()))\n\n    @cached_property\n    def mean_aggregates(self):\n        value_func = partial(embeddings_for_ids, embeddings_df=self.embeddings_hcp2)\n        return aggregate_values(self.citations_of, self.mean_aggregator, value_func)\n\n    @cached_property\n    def planar_mean_embeddings(self):\n        return umap_2d_embeddings_df(self.mean_aggregates, key_col='id')\n\n    @cached_property\n    def info_hcp2(self):\n        return pd.read_csv(self.info_filepath, sep='\\t', encoding='latin-1')\n\n    @cached_property\n    def planar_mean_embeddings_with_ids(self):\n        return pd.merge(self.planar_mean_embeddings, self.info_hcp2, on='id')\n\n    @cached_property\n    def titles_aggr_df(self):\n        \"\"\"Precomputed titles aggregates, with info\"\"\"\n        return pd.read_parquet(io.BytesIO(self.store[self.titles_aggr_src_key]))\n\n    @cached_property\n    def aggregate_titles_embeddings(self):\n        return pd.read_parquet(self.aggregate_titles_embeddings_filepath)\n\n    def citing_and_cited_titles(dacc):\n        \"\"\"Generator of (id, citing_title, cited_titles) triples.\n        Helper for dacc.titles_aggregate method.\n        \"\"\"\n        titles = dacc.info_hcp2.set_index('id')['title']\n        for id_, cited_ids in dacc.citations_of.items():\n            cited_ids = sorted(set(cited_ids) - dacc.missing_cited_ids)\n            cited_titles = titles.loc[cited_ids].dropna()\n            citing_title = titles.loc[id_]\n            if citing_title and len(cited_titles):\n                yield id_, citing_title, cited_titles\n\n    def titles_aggregate(\n        dacc, *, titles_sep='\\n\\n###\\n\\n', main_title_sep='\\n\\n\\n######\\n\\n\\n'\n    ):\n        \"\"\"For each article, aggregate its title with the titles of the papers it cites.\n\n        We use `dacc.info_hcp2.set_index('id')['title']` to get the titles of an id.\n        If a title is missing, it is ignored.\n\n        Returns a generator of `(id, aggregated_titles)` pairs.\n        \"\"\"\n        for id_, citing_title, cited_titles in dacc.citing_and_cited_titles():\n            title_aggregate = (\n                citing_title + main_title_sep + titles_sep.join(cited_titles)\n            )\n            yield id_, title_aggregate\n\n    def titles_aggregate_sr(\n        dacc,\n        *,\n        titles_sep='\\n\\n###\\n\\n',\n        main_title_sep='\\n\\n\\n######\\n\\n\\n',\n        print_progress_every=50_000,\n    ):\n        \"\"\"For each article, aggregate its title with the titles of the papers it cites.\n\n        We use `dacc.info_hcp2.set_index('id')['title']` to get the titles of an id.\n        If a title is missing, it is ignored.\n\n        Returns a generator of `(id, aggregated_titles)` pairs.\n        \"\"\"\n        titles_aggregate_sr = dict()\n        it = dacc.titles_aggregate(titles_sep=titles_sep, main_title_sep=main_title_sep)\n        for i, (citing_id, titles_aggregate) in enumerate(it, 1):\n            if i % print_progress_every == 0:\n                print(f\"Proccessed {i} elements\")\n            titles_aggregate_sr[citing_id] = titles_aggregate\n        return pd.Series(titles_aggregate_sr, name='titles_aggregate')\n",
  "num_of_data_files": 21,
  "tables_info": {
    "hcp_closest_tenth_knn_graph.parquet": {
      "shape": [
        239062,
        3
      ],
      "first_row": {
        "from_id": 30870368.0,
        "to_id": 718838.0,
        "distance": 0.0
      }
    },
    "aggregate_titles_embeddings_umap_2d.parquet": {
      "shape": [
        340855,
        3
      ],
      "first_row": {
        "id": 245658.0,
        "x": 10.9811172485,
        "y": 7.0278601646
      }
    },
    "publications-hcp2.tsv.zip": {
      "shape": [
        354165,
        6
      ],
      "first_row": {
        "title": "Standardized low-resolution brain electromagnetic tomography (sLORETA): technical details.",
        "source": "PubMed",
        "pub_date": "2002-01-01",
        "n_cits": 1056,
        "micro_cluster": 241,
        "main_field": "Biomedical and health sciences"
      }
    },
    "planar_cited_mean_embeddings.tsv.zip": {
      "shape": [
        332256,
        8
      ],
      "first_row": {
        "x": 3.1299956,
        "y": 8.546703,
        "title": "Standardized low-resolution brain electromagnetic tomography (sLORETA): technical details.",
        "source": "PubMed",
        "pub_date": "2002-01-01",
        "n_cits": 1056,
        "micro_cluster": 241,
        "main_field": "Biomedical and health sciences"
      }
    },
    "planar_cited_normalized_mean_embeddings.tsv.zip": {
      "shape": [
        332256,
        8
      ],
      "first_row": {
        "x": 1.5038748,
        "y": 8.726212,
        "title": "Standardized low-resolution brain electromagnetic tomography (sLORETA): technical details.",
        "source": "PubMed",
        "pub_date": "2002-01-01",
        "n_cits": 1056,
        "micro_cluster": 241,
        "main_field": "Biomedical and health sciences"
      }
    },
    "aggregate_titles_embeddings_umap_2d_with_info.tsv.zip": null,
    "publications-hcp2-umap.tsv.zip": null,
    "aggregate_titles_embeddings_umap_2d_with_info.parquet": {
      "shape": [
        340855,
        9
      ],
      "first_row": {
        "id": 245658,
        "x": 10.9811172485,
        "y": 7.0278601646,
        "title": "Standardized low-resolution brain electromagnetic tomography (sLORETA): technical details.",
        "source": "PubMed",
        "pub_date": "2002-01-01",
        "n_cits": 1056,
        "micro_cluster": 241,
        "main_field": "Biomedical and health sciences"
      }
    },
    "citation-links-hcp3.tsv.zip": {
      "shape": [
        4891305,
        2
      ],
      "first_row": {
        "cited_pub_id": 2013150886,
        "date": "2002-01-01"
      }
    },
    "hcp_closest_third_knn_graph.parquet": {
      "shape": [
        1707580,
        3
      ],
      "first_row": {
        "from_id": 30870368.0,
        "to_id": 718838.0,
        "distance": 0.0
      }
    },
    "planar_cited_mean_embeddings.tsv": {
      "shape": [
        332256,
        8
      ],
      "first_row": {
        "x": 3.1299956,
        "y": 8.546703,
        "title": "Standardized low-resolution brain electromagnetic tomography (sLORETA): technical details.",
        "source": "PubMed",
        "pub_date": "2002-01-01",
        "n_cits": 1056,
        "micro_cluster": 241,
        "main_field": "Biomedical and health sciences"
      }
    },
    "planar_cited_normalized_mean_embeddings.tsv": {
      "shape": [
        332256,
        8
      ],
      "first_row": {
        "x": 1.5038748,
        "y": 8.726212,
        "title": "Standardized low-resolution brain electromagnetic tomography (sLORETA): technical details.",
        "source": "PubMed",
        "pub_date": "2002-01-01",
        "n_cits": 1056,
        "micro_cluster": 241,
        "main_field": "Biomedical and health sciences"
      }
    },
    "aggregate_titles_embeddings_umap_2d_with_info.tsv": {
      "shape": [
        340855,
        8
      ],
      "first_row": {
        "x": 10.981117,
        "y": 7.02786,
        "title": "Standardized low-resolution brain electromagnetic tomography (sLORETA): technical details.",
        "source": "PubMed",
        "pub_date": "2002-01-01",
        "n_cits": 1056,
        "micro_cluster": 241,
        "main_field": "Biomedical and health sciences"
      }
    },
    "publications-hcp2-umap.tsv": {
      "shape": [
        352508,
        8
      ],
      "first_row": {
        "title": "Standardized low-resolution brain electromagnetic tomography (sLORETA): technical details.",
        "source": "PubMed",
        "pub_date": "2002-01-01",
        "n_cits": 1056,
        "micro_cluster": 241,
        "main_field": "Biomedical and health sciences",
        "x": 14.115112,
        "y": 7.674038
      }
    },
    "citation-links-hcp3.tsv": {
      "shape": [
        4891305,
        2
      ],
      "first_row": {
        "cited_pub_id": 2013150886,
        "date": "2002-01-01"
      }
    },
    "hcp_nearest_neighbors_graph.parquet": {
      "shape": [
        22987824,
        3
      ],
      "first_row": {
        "from_id": 718838.0,
        "to_id": 2111096018.0,
        "distance": 0.3661986327
      }
    },
    "publications-hcp3__.tsv.zip": null,
    "publications-hcp3-with_titles_aggregates.parquet": {
      "shape": [
        354165,
        9
      ],
      "first_row": {
        "id": 245658,
        "title": "Standardized low-resolution brain electromagnetic tomography (sLORETA): technical details.",
        "abstract": "Scalp electric potentials (electroencephalograms) and extracranial magnetic fields (magnetoencephalograms) are due to the primary (impressed) current density distribution that arises from neuronal postsynaptic processes. A solution to the inverse problem--the computation of images of electric neuronal activity based on extracranial measurements--would provide important information on the time-course and localization of brain function. In general, there is no unique solution to this problem. In particular, an instantaneous, distributed, discrete, linear solution capable of exact localization of point sources is of great interest, since the principles of linearity and superposition would guarantee its trustworthiness as a functional imaging method, given that brain activity occurs in the form of a finite number of distributed hot spots. Despite all previous efforts, linear solutions, at best, produced images with systematic nonzero localization errors. A solution reported here yields images of standardized current density with zero localization error. The purpose of this paper is to present the technical details of the method, allowing researchers to test, check, reproduce and validate the new method.",
        "source": "PubMed",
        "pub_date": "2002-01-01T00:00:00.000",
        "n_cits": 1056,
        "micro_cluster": 241,
        "main_field": "Biomedical and health sciences",
        "title_references": "Review of methods for solving the EEG inverse problem | Functional imaging with low resolution brain electromagnetic tomography (LORETA) : review, new comparisons, and new validation | Dynamic Statistical Parametric Mapping | Differential effects of normal aging on sources of standard N1, target N1 and target P300 auditory event-related brain potentials revealed by low resolution electromagnetic tomography (LORETA) | Electrical Sources of P300 Event-Related Brain Potentials Revealed by Low Resolution Electromagnetic Tomography | Theory and Application of Constrained Inverse of Matrices | Low resolution electromagnetic tomography: a new method for localizing electrical activity in the brain | Three-dimensional tomography of event-related potentials during response inhibition: evidence for phasic frontal lobe activation | Low resolution brain electromagnetic tomography (LORETA) functional imaging in acute, neuroleptic-naive, first-episode, productive schizophrenia | Nonparametric permutation tests for functional neuroimaging: A primer with examples | Systematic Regularization of Linear Inverse Solutions of the EEG Source Localization Problem | The Resolving Power of Gross Earth Data | The spatial location of EEG electrodes: locating the best-fitting sphere relative to cortical anatomy | \u2018The surface management system\u2019 (SuMS) database: a surface\u2013based database to aid cortical surface reconstruction, visualization and analysis | Anatomically Informed Basis Functions for EEG Source Localization: Combining Functional and Anatomical Constraints | Electrical Sources of P300 Event-Related Brain Potentials Revealed by Low Resolution Electromagnetic Tomography | Inverse Problem Theory: Methods for Data Fitting and Model Parameter Estimation | Co-Planar Stereotaxic Atlas of the Human Brain"
      }
    },
    "publications-hcp3__.tsv": null,
    "aggregate_titles_embeddings.parquet": {
      "shape": [
        340855,
        2
      ],
      "first_row": {
        "id": 245658,
        "vector": [
          -0.0154865142,
          0.0121084545,
          0.007884277,
          0.0100957202,
          -0.0567667931,
          0.0324345045,
          -0.0120699946,
          -0.0166018512,
          -0.0604589395,
          -0.024845086,
          0.0162557121,
          -0.0159223936,
          0.0157172736,
          0.0289731137,
          0.028126996,
          0.0234989896,
          -0.0097688111,
          -0.0133968601,
          -0.0063779312,
          0.0114225857,
          0.0339472592,
          -0.0106918486,
          0.0097816307,
          -0.0257681236,
          0.0338959806,
          -0.0319217071,
          -0.0131020015,
          -0.0263065621,
          -0.0228451714,
          0.0326396227,
          -0.006454851,
          -0.0251527652,
          -0.0181658864,
          -0.0324088633,
          -0.0016105077,
          0.0184094645,
          0.0081086261,
          0.0101982793,
          -0.0149224354,
          0.0402546823,
          0.0122110136,
          -0.0647151694,
          -0.0314601883,
          0.0082432358,
          -0.0322550237,
          -0.009422672,
          -0.0106405681,
          -0.0351523347,
          0.0174607877,
          0.0362804942,
          -0.0369727686,
          0.039434202,
          0.0133071207,
          0.0039966232,
          -0.0694329143,
          -0.0140891382,
          0.0387932062,
          0.036357414,
          -0.012909702,
          0.030742269,
          0.0256014634,
          -0.0343831368,
          0.0753813758,
          0.0093521625,
          -0.0433058329,
          0.0171402898,
          -0.0426904745,
          -0.0187940635,
          0.0334857404,
          0.0026312971,
          -0.0044004521,
          0.0312294271,
          0.028229557,
          -0.0160121322,
          0.0218964946,
          -0.0157300942,
          -0.0123840831,
          0.0657920465,
          -0.0088842334,
          -0.0221144352,
          -0.011916155,
          -0.0279218778,
          0.0123071633,
          -0.0209990982,
          -0.0345882587,
          -0.0192940421,
          -0.0124545926,
          -0.0212683175,
          -0.0392803624,
          0.0041087978,
          -0.0408956781,
          -0.0300756302,
          0.0018909444,
          0.0367676504,
          0.0257937629,
          -0.0321524628,
          -0.018076146,
          -0.0185120255,
          0.0115764253,
          0.0499465726,
          -0.0183581859,
          -0.0023604755,
          0.0055157887,
          -0.0328960232,
          0.0436135121,
          -0.0151531948,
          0.0308704693,
          -0.0328703821,
          0.0041216179,
          0.0465877429,
          -0.0255373642,
          -0.0287423544,
          -0.0079804268,
          -0.0149993552,
          0.0163454507,
          -0.0624075755,
          -0.0778428093,
          -0.0348959379,
          -0.0074996776,
          -0.0304089505,
          -0.042818673,
          0.0389983244,
          0.0459467433,
          0.0459211022,
          0.101482816,
          -0.0236912891,
          0.0432801917,
          0.0014718919,
          0.0091149928,
          0.0020495914,
          0.0749198571,
          0.0287423544,
          0.0374086499,
          -0.0779966488,
          -0.0700482726,
          0.053843841,
          -0.019717101,
          -0.0219093151,
          -0.0292807929,
          -0.0576385483,
          0.0122366538,
          0.0306909885,
          0.0211144779,
          0.0073778881,
          -0.0113841258,
          0.045049347,
          0.033537019,
          0.0199863203,
          0.0075445478,
          0.0223708339,
          0.0465364605,
          -0.010903378,
          -0.0042402023,
          0.0049132505,
          0.002669757,
          -0.0618434958,
          0.062817812,
          0.0160762314,
          -0.0215375368,
          0.0111405468,
          0.0278193168,
          0.035972815,
          0.0343831368,
          -0.0080765756,
          0.0205503982,
          0.0327421837,
          -0.0195632614,
          0.0029742313,
          -0.056356553,
          -0.0154095944,
          0.0028941063,
          -0.0365881696,
          -0.0420751162,
          -0.0228451714,
          0.0085509149,
          0.0175248887,
          0.0234348904,
          0.0052209296,
          0.0049356855,
          -0.041382838,
          -0.0308191888,
          0.0025383525,
          -0.0467159413,
          0.0651766881,
          -0.0129417516,
          0.0003096822,
          -0.0369984098,
          0.0054677138,
          -0.0102687897,
          -0.0113713061,
          0.0252937842,
          -0.0126404827,
          0.0572283119,
          0.0559463128,
          0.0074804476,
          -0.0305115096,
          0.0569206327,
          0.014691676,
          -0.0178838465,
          -0.024114348,
          0.0317422263,
          0.0204734784,
          0.0500234924,
          -0.0274347179,
          -0.0011978652,
          0.0471518189,
          0.0467928611,
          -0.0218836758,
          -0.0232297704,
          -0.0551258363,
          0.0264091212,
          -0.031408906,
          0.0429212339,
          0.0432545505,
          -0.0335113816,
          -0.0155249741,
          -0.0384086072,
          -0.000558069,
          0.0081278561,
          0.0603563823,
          -0.025473265,
          0.0046376213,
          0.0039870082,
          0.0618947782,
          0.0068714996,
          0.0062144767,
          0.0303320307,
          -0.0650228485,
          -0.0131661007,
          -0.0746121779,
          0.0522798039,
          0.0055382238,
          0.0133199403,
          -0.0102687897,
          0.0171018299,
          -0.0408443995,
          0.0426135547,
          -0.0593820624,
          0.0061279419,
          -0.0233964305,
          0.0379470885,
          0.0097816307,
          -0.021076018,
          -0.0080893962,
          -0.0237425696,
          -0.0173325893,
          -0.0268962793,
          -0.0194222424,
          -0.0124802329,
          0.0071599488,
          0.0141275981,
          0.018845344,
          -0.0087047545,
          -0.0111213168,
          0.0114482259,
          0.0245245881,
          0.0082111852,
          0.0105572389,
          -0.0355369337,
          -0.010659798,
          -0.0183966458,
          -0.0054741236,
          0.0181146059,
          0.0202811807,
          0.001834857,
          -0.0159993134,
          -0.0093778018,
          0.0042658425,
          -0.0396906026,
          0.0261655431,
          -0.0207170583,
          -0.0397162437,
          0.0352805369,
          -0.0223580133,
          -0.0030992257,
          0.0161916111,
          0.0164223704,
          -0.0191402026,
          -0.0104931388,
          0.0134737799,
          0.0308448281,
          0.0196017213,
          0.0031553132,
          -0.0242297277,
          -0.0265629608,
          0.0092752427,
          -0.0212042164,
          0.0297423117,
          -0.0282551963,
          -0.009685481,
          0.0300243516,
          -0.0078970967,
          0.018178707,
          -0.0357164145,
          0.0027803292,
          -0.0022899657,
          0.0195248015,
          -0.0202427208,
          -0.0242938288,
          -1.16869e-05,
          0.0386393666,
          -0.0012403313,
          0.0455365032,
          0.0078137666,
          -0.0210503768,
          0.0521003269,
          0.0293064322,
          0.0077560772,
          0.0296653919,
          -0.002339643,
          -0.0422802344,
          -0.0004258631,
          0.0318191461,
          -0.0212042164,
          -0.0228964519,
          -0.0102751991,
          0.0609204583,
          -0.0308961086,
          0.0133712208,
          -0.0474082194,
          -0.0163326319,
          -0.0833297521,
          0.0440237485,
          -0.0280757174,
          0.0138840191,
          0.0263834819,
          -0.0797401667,
          0.0024293829,
          0.0135506997,
          -0.0171146486,
          0.0287423544,
          0.0174223278,
          0.0160762314,
          0.0107879983,
          -0.0282039158,
          0.010518779,
          -0.0233579706,
          0.0426904745,
          -0.0259219632,
          0.0197812021,
          -0.0239348691,
          -0.0079483762,
          -0.0514336862,
          0.0309217479,
          -0.0103649395,
          0.0270244796,
          -0.0289731137,
          -0.005470919,
          0.0377932489,
          0.0233964305,
          -0.0125571527,
          6.79057e-05,
          -0.0537925586,
          -0.0011882503,
          0.0113713061,
          0.0218195748,
          0.01343532,
          -0.0172172096,
          -0.0215631761,
          -0.0157557335,
          -0.0014598732,
          0.0143583575,
          0.0606640615,
          0.0499465726,
          0.0154736945,
          0.0324857831,
          -0.0290756729,
          0.0266398806,
          -0.0355625749,
          0.0078586368,
          0.028126996,
          0.0130955912,
          -0.028126996,
          -0.0088521838,
          -0.0465877429,
          0.0338446982,
          0.0259604231,
          0.0057273181,
          -0.0354600139,
          0.0699969903,
          0.0096277911,
          -0.0088137239,
          -0.0106854383,
          -0.0283064768,
          0.0084932251,
          0.0254860837,
          0.0414597578,
          -0.0011321629,
          -0.0913294107,
          -0.0424084328,
          -0.0176787283,
          -0.0525105633,
          -0.0005011804,
          -0.0051920847,
          0.0268450007,
          0.0019374167,
          0.0019790817,
          0.0251655858,
          0.0455877855,
          0.0240630694,
          0.0274347179,
          -0.0059676925,
          -0.0362035744,
          -0.049792733,
          -0.0178838465,
          0.0151403751,
          -0.0008340988,
          0.042434074,
          0.0384086072,
          0.0021697786,
          0.0045574964,
          -0.0372291692,
          0.0076983874,
          -0.0121469144,
          0.0331267826,
          -0.0019662618,
          0.0346651785,
          0.0794324875,
          -0.0017771672,
          0.0210888367,
          -0.0036568942,
          -0.0156147135,
          -0.053638719,
          0.021358056,
          -0.007467628,
          0.0433058329,
          0.0240630694,
          -0.0455365032,
          0.0116853956,
          -0.058202628,
          -0.0200760607,
          -0.0046183914,
          0.0187171437,
          0.0143711772,
          -0.0258322228,
          -0.0050574751,
          0.0460493043,
          -0.0009214348,
          -0.0133327609,
          -0.0004058319,
          -0.0031296732,
          0.03015255,
          -0.0484850965,
          0.0048010759,
          0.0009839321,
          -0.0089739738,
          -0.0525105633,
          0.045715984,
          -0.0273065194,
          -0.018601764,
          0.0393316448,
          0.0003884048,
          -0.0016249302,
          -0.020165801,
          -0.0038491937,
          -0.0223067347,
          0.0331524201,
          -0.0192940421,
          0.0218580347,
          -0.0213965159,
          -0.0004699317,
          -0.0054645087,
          -0.027255239,
          0.0106149288,
          0.0222426336,
          0.0286141559,
          0.0216913763,
          0.0223067347,
          -0.0064965156,
          0.0196530018,
          0.0078586368,
          -0.0414597578,
          0.0144096371,
          0.0080060661,
          0.0171402898,
          0.0148198763,
          -0.0043716072,
          -0.0494594127,
          0.0437160693,
          -0.002685782,
          -0.0124866432,
          0.0088650035,
          -0.0135506997,
          0.0182684455,
          0.0495619737,
          0.0352548957,
          0.0258963238,
          0.0474082194,
          -0.0163710918,
          0.0413059182,
          -0.037203528,
          -0.0054356637,
          0.012544333,
          -0.0136532597,
          0.0177684668,
          -0.0658946037,
          -0.0398700833,
          0.0012627663,
          0.0053619491,
          0.002184201,
          0.0634844527,
          -0.0043331473,
          -0.0202939995,
          0.0639459714,
          0.0018172296,
          0.0486389361,
          -0.0324088633,
          -0.0025191226,
          0.0072368686,
          0.0308704693,
          0.0048876107,
          0.0728686601,
          0.0117174452,
          -0.0057465481,
          0.0123328036,
          0.0258194041,
          -0.0041889227,
          0.0018188321,
          -0.0014630782,
          -0.0375112072,
          0.0042305873,
          -0.0409725979,
          -0.0581513457,
          -0.003692149,
          -0.0075124977,
          0.0021793935,
          -0.0470236205,
          -0.0547668785,
          -0.0276911184,
          -0.0008501237,
          -0.0122494735,
          -0.0009038073,
          -0.021358056,
          -0.0007772102,
          -0.0188709833,
          -0.0343318582,
          0.0110956775,
          -0.0394085646,
          -0.0234861709,
          0.008653474,
          0.0256912038,
          0.0506388508,
          0.0309730284,
          -0.0079099163,
          -0.0202170797,
          -0.0115443757,
          0.0306397099,
          -0.0379470885,
          -0.0043010972,
          0.0118905148,
          0.0178069267,
          -0.0184094645,
          0.0513311289,
          -0.0141275981,
          -0.0077560772,
          0.0253963452,
          -0.0021329212,
          -0.0102623794,
          0.0259347837,
          -0.0225887727,
          0.010903378,
          0.0004150463,
          0.0080381157,
          0.0160505921,
          -0.0114610456,
          0.0087880837,
          -0.027742397,
          -0.0050222203,
          -0.0117430855,
          0.0017867822,
          0.0065702307,
          -0.0133327609,
          0.0143327173,
          0.0200247802,
          -0.0108969677,
          -0.0153454943,
          0.0169095304,
          -0.0201401599,
          0.0107431281,
          -0.0189479031,
          -0.0305371489,
          -0.0001929004,
          -0.0227682516,
          0.003213003,
          -0.0403316021,
          0.0005320284,
          -0.0079483762,
          0.0057369331,
          -0.0212554969,
          0.0096021518,
          0.0393060036,
          0.0268962793,
          -0.007365068,
          -0.0261655431,
          -0.0009326522,
          -0.0039902134,
          0.0146275768,
          -0.00168262,
          -0.0177812874,
          0.0301269107,
          0.0316653065,
          -0.0154736945,
          0.0113200266,
          0.0052497745,
          0.0352292545,
          -0.0098329112,
          -0.0066599702,
          0.0272295997,
          -0.005695268,
          0.002831609,
          0.0142173376,
          -0.005410024,
          0.001692235,
          -0.0563052744,
          -0.0189991836,
          -0.0131276408,
          0.0136019792,
          0.0076983874,
          0.0353318155,
          0.0052625942,
          -0.028229557,
          -0.0201017,
          0.0300243516,
          0.0197427422,
          0.0174864288,
          0.0193709619,
          0.016435191,
          -0.0241784491,
          -0.0264091212,
          0.0080188867,
          -0.0183581859,
          -0.008512455,
          0.0356138535,
          0.0330498628,
          -0.0141275981,
          0.0145121971,
          0.0172172096,
          -0.0070445691,
          0.0126148425,
          -0.0279987976,
          -0.0089675635,
          0.0157172736,
          0.0082688751,
          -0.0350754149,
          0.0013925683,
          -0.0157813728,
          0.0165890306,
          -0.0068650898,
          -0.0225118529,
          -0.0130058518,
          -0.0054356637,
          -0.0161275119,
          0.014794236,
          0.0239092298,
          0.0042241774,
          0.0224605743,
          -0.0224092938,
          -0.0050382451,
          -0.0006726474,
          -0.0153711345,
          -0.043100711,
          -0.037203528,
          0.003349215,
          0.0068907295,
          -0.0054837386,
          0.0257681236,
          -0.0014077921,
          0.0088265436,
          -0.0032290278,
          -0.0191530231,
          0.0190889239,
          -0.0203452799,
          0.0372291692,
          -0.0252937842,
          0.0084868148,
          0.0063074213,
          0.0091919126,
          -0.0052209296,
          -0.0173325893,
          0.0113328462,
          0.0151403751,
          -0.0044036568,
          -0.0335113816,
          -0.0030799957,
          -0.0021954186,
          0.0073137884,
          0.0210247375,
          -0.0149096157,
          0.0066535603,
          -0.0393316448,
          0.022191355,
          -0.0305371489,
          -0.0013893634,
          -0.0138327386,
          -0.0161531512,
          -0.0073201982,
          -0.0196658224,
          -0.0328191034,
          -0.0050734999,
          -0.0897910148,
          0.0024646376,
          0.0072817383,
          -0.004438912,
          -0.0011281567,
          -0.0113520762,
          -0.0038075286,
          0.0156403538,
          0.0237553902,
          0.0461518615,
          0.0050831148,
          -0.0168967098,
          -0.0228708126,
          -0.0205632187,
          0.0377932489,
          0.0465108231,
          0.033254981,
          0.0096342014,
          0.059535902,
          0.0171274692,
          0.0083522052,
          -0.0344600566,
          -0.0162044317,
          -0.0233707912,
          -0.0165249314,
          0.0290500335,
          0.0308191888,
          -0.0379727259,
          0.0024053454,
          -0.0022851583,
          -0.0010880943,
          0.013191741,
          0.0062753712,
          0.012441773,
          -0.0009639009,
          -0.0092303725,
          0.0147044966,
          0.0126789426,
          -0.0065189507,
          0.0231784917,
          -0.0003321171,
          -0.0060926871,
          0.0252809655,
          0.0012539525,
          0.0214477964,
          -0.0033203701,
          0.0081791356,
          -0.0173966885,
          0.0351266973,
          -0.0172941294,
          -0.0330498628,
          -0.0279218778,
          0.010538009,
          0.0151660154,
          -0.0115700159,
          0.0157300942,
          -0.0225503128,
          0.0260117035,
          -0.0074804476,
          0.0063266512,
          -0.0124738226,
          -0.0317165852,
          0.0344600566,
          -0.0063202414,
          -0.0128327822,
          -0.0025832222,
          -0.0198581219,
          -0.0228708126,
          0.0073522483,
          0.0211657565,
          -0.0161275119,
          0.0088778241,
          -0.0182299856,
          0.050074771,
          0.0140763186,
          0.0229605511,
          0.0107046682,
          0.0177043676,
          0.0155762536,
          -0.0382804051,
          0.0212298576,
          -0.0131661007,
          0.0120123047,
          0.0395624042,
          -0.0210631974,
          -0.0168710705,
          -0.011044397,
          -0.0518182851,
          -0.0033780599,
          0.0023124006,
          -0.0511516482,
          -0.0097752213,
          -0.0029982687,
          0.0076022376,
          -0.0081727253,
          0.0058907727,
          0.0566129535,
          -0.0361266546,
          -0.1256356239,
          -0.000726331,
          0.0501516908,
          -0.0321524628,
          0.0113777164,
          0.0203580987,
          0.0098008607,
          0.0361266546,
          0.0428955927,
          -0.0225631334,
          -0.0173197687,
          -0.047946658,
          0.0072368686,
          -0.0018428696,
          0.037203528,
          -0.0323319435,
          -0.0194607023,
          0.0270501189,
          0.0086855246,
          0.0354087353,
          -0.039434202,
          0.0306653492,
          -0.0171659291,
          0.0137429992,
          -0.016230071,
          0.0260117035,
          -0.0201401599,
          0.0022803508,
          -0.004326737,
          0.0163967311,
          -0.03035767,
          0.0193581432,
          -0.0357420556,
          0.0207555182,
          -0.0212426763,
          -0.0134225003,
          0.027844958,
          0.0259604231,
          0.0175633486,
          0.0460749418,
          0.0234733503,
          -0.0159864929,
          0.0077881268,
          0.0335626602,
          0.0431776308,
          0.0193068627,
          0.0008493225,
          0.0111341374,
          -0.009403442,
          0.0305627901,
          0.0271270387,
          -0.0155121544,
          0.0072112288,
          0.0043010972,
          -0.0182428062,
          -0.0019005594,
          -0.0053843842,
          -0.0063106264,
          0.0273577981,
          0.0166146699,
          0.021076018,
          -0.0034069049,
          0.039152164,
          -0.0465108231,
          -0.0451775454,
          0.0142429778,
          -0.0099867508,
          0.008288105,
          0.0059837173,
          -0.0128584215,
          -0.0596897416,
          0.0186145846,
          -0.0272039585,
          0.0035030546,
          0.00084131,
          0.0019454292,
          0.0279731564,
          0.0032755004,
          0.0100059807,
          0.0114674559,
          0.0236784704,
          -0.0546130389,
          0.0073778881,
          -0.0304602291,
          -0.029101314,
          0.0016457626,
          -0.0044901916,
          0.0215118956,
          -0.0016954399,
          0.0348702967,
          0.0519208461,
          -0.0308191888,
          0.0224990323,
          -0.0226913318,
          -0.0088457735,
          0.0105892885,
          0.0112174666,
          0.000156043,
          0.0352548957,
          0.01657621,
          0.0268962793,
          -0.0039068833,
          -0.0089996131,
          -0.0283577554,
          -0.0034581847,
          0.0036280493,
          0.0291269533,
          0.0022178534,
          0.0185761247,
          -0.0072432784,
          -0.0048876107,
          -0.0035126696,
          0.0190632828,
          -0.02358873,
          -0.0128584215,
          0.0245886873,
          0.0449980646,
          0.0023172081,
          -0.0037882987,
          -0.014794236,
          0.0125507424,
          -0.0232297704,
          -0.0370496884,
          -0.018601764,
          0.0001735703,
          -0.0266655218,
          -0.0087880837,
          0.0066792001,
          -0.0513824075,
          0.0259860624,
          0.0339985378,
          0.0044453219,
          -0.0015127555,
          0.0180248674,
          -0.0039838031,
          -0.004326737,
          -0.0151660154,
          0.0306397099,
          0.0165249314,
          0.0157813728,
          -0.0069996994,
          0.0005348328,
          0.0168326106,
          0.0243194681,
          -0.0003311156,
          -0.0073201982,
          -0.0063170362,
          -0.0008557325,
          -0.019191483,
          0.0256271046,
          0.0312550664,
          0.0585615858,
          -0.0054068188,
          0.0218452159,
          0.0694841966,
          0.0315627456,
          0.0142686181,
          0.0077368473,
          -0.0559463128,
          0.0096983016,
          0.0181915257,
          0.013069951,
          -0.0410495177,
          -0.0105444184,
          0.0274859983,
          -0.0283577554,
          -0.0369471312,
          0.0118841045,
          0.0279475171,
          0.0195632614,
          -0.0019630566,
          -0.0377419665,
          0.018076146,
          0.020627318,
          0.0454595834,
          0.0123648532,
          -0.008897054,
          -0.006070252,
          -0.0276141986,
          -0.0346395373,
          -0.0004486987,
          0.0067561199,
          0.0056215534,
          0.0456903428,
          0.036152292,
          -0.024357928,
          -0.050356809,
          -0.0444083475,
          0.0112815667,
          0.0299474318,
          -0.0234348904,
          0.0283577554,
          -0.0098136812,
          -0.0002038174,
          -0.0139352987,
          -0.0022322759,
          0.0213195961,
          0.0379727259,
          -0.0244476683,
          -0.0096470211,
          -0.0452544652,
          0.063535735,
          0.014935256,
          -0.015076275,
          -0.0211401172,
          0.0304345898,
          -0.0157557335,
          -0.0302807502,
          -0.0067304801,
          0.0140891382,
          0.0066471505,
          0.0134481397,
          0.0090508936,
          0.0271013994,
          -0.0176787283,
          -0.0150121758,
          -0.0311012268,
          -0.0083650248,
          -0.0454852246,
          0.0014262208,
          -0.0204991195,
          -0.0675868392,
          -0.0300243516,
          0.0338959806,
          0.0147685958,
          0.0515618883,
          0.0065894607,
          -0.0086278347,
          -0.0029838462,
          0.0022899657,
          -0.0025591848,
          0.0179607663,
          0.0229605511,
          -0.0005945257,
          -0.0163326319,
          0.0207298789,
          0.0120123047,
          -0.0265373215,
          0.0277680382,
          -0.0019117768,
          0.0125507424,
          -0.0201786198,
          -0.0058747474,
          0.0114738662,
          0.001863702,
          0.0189991836,
          0.0336139388,
          0.0162557121,
          0.0180505067,
          0.0171146486,
          -0.0224477537,
          0.0302551109,
          0.0040991828,
          0.0093842121,
          0.018319726,
          0.0183710046,
          -0.0274347179,
          0.0033075502,
          0.0231528506,
          0.0141404178,
          -0.0323575847,
          0.0436904319,
          0.0180248674,
          -0.0235759094,
          0.0206401385,
          0.0152044753,
          -0.0012483438,
          -0.0148711558,
          -0.0148583362,
          -0.0031312758,
          -0.0103072496,
          -0.0209478177,
          0.0519977659,
          -0.0120635843,
          0.0194991622,
          -0.0052850293,
          0.0320242643,
          -0.0136404391,
          0.0137686394,
          0.0136404391,
          0.0131532811,
          -0.0234605297,
          0.0163326319,
          0.0046087764,
          0.0176146273,
          -0.0470492616,
          0.0091790929,
          -0.0343318582,
          0.0258706827,
          0.0221400745,
          0.0032386428,
          -0.0099162403,
          -0.0216913763,
          -0.0197940208,
          0.0091662724,
          0.036639452,
          -0.0304345898,
          0.0051792646,
          -0.007416348,
          0.0056696283,
          -0.003222618,
          0.0058459025,
          0.0081022158,
          0.0131020015,
          -0.023973329,
          -0.0024037429,
          -0.0311012268,
          -0.030742269,
          -0.0311012268,
          0.05374128,
          0.019717101,
          0.0182556249,
          0.034408778,
          0.0302038305,
          -0.022088794,
          0.009525232,
          0.0058811577,
          -0.0117430855,
          0.0055478388,
          -0.0255245436,
          0.0146019366,
          0.0047978708,
          0.0159864929,
          0.0328191034,
          -0.016435191,
          0.0005977307,
          -0.0089483336,
          -0.0151275555,
          -0.0223195534,
          0.0133584002,
          -0.015178835,
          -0.0171018299,
          -0.0148070557,
          -0.0380240083,
          0.0113007966,
          0.0218452159,
          0.0460493043,
          0.0171402898,
          -0.0049324804,
          0.001834857,
          0.009140633,
          0.0128456019,
          -0.009300882,
          0.0191017427,
          -0.0276141986,
          0.0133327609,
          -0.032972943,
          0.0050382451,
          -0.0174223278,
          0.0383060463,
          0.0722533092,
          0.0028652614,
          -0.0029582062,
          0.0138327386,
          0.034024179,
          0.0351779759,
          0.0062978063,
          0.0215375368,
          -0.0069484194,
          0.0377419665,
          -0.0342292972,
          -0.0235374495,
          -0.0086342441,
          -0.0343574993,
          0.0391008854,
          0.0257937629,
          -0.0290756729,
          -0.0029854486,
          -0.0264091212,
          0.0200376008,
          0.0041152076,
          0.0401008427,
          0.0019935041,
          -0.0063298563,
          0.0271270387,
          0.0238451287,
          0.0210503768,
          0.0068202196,
          -0.011916155,
          0.0148070557,
          -0.0306140687,
          -0.0014670844,
          -0.0169223491,
          -0.0121405041,
          -0.0130891809,
          -0.0050382451,
          -0.0094739515,
          0.0139352987,
          0.0079740165,
          0.0066920202,
          -0.0128520122,
          0.0041472577,
          -0.0075509576,
          0.007416348,
          -0.0367932916,
          0.0316909477,
          0.0085060447,
          0.0287936348,
          -0.042818673,
          0.0079483762,
          0.0042466125,
          0.0197812021,
          0.0122879334,
          -0.0171146486,
          -0.0238451287,
          0.0027482794,
          0.0261783618,
          0.0274859983,
          0.004063928,
          -0.0071599488,
          -0.0450237058,
          0.0229477324,
          -0.0405110791,
          0.0348702967,
          0.0211913977,
          -0.0142942574,
          -0.0185889453,
          0.0052818242,
          -0.0001036614,
          -0.0269475598,
          0.007781717,
          0.0093970317,
          0.020973457,
          -0.0051119598,
          -0.0037915038,
          -0.0268450007,
          -0.0130635416,
          0.0272808783,
          -0.0026280922,
          -0.0087496238,
          -0.0144609166,
          0.0106021082,
          0.012441773,
          -0.0037562489,
          -0.0529208034,
          -0.011063627,
          0.0110572176,
          -0.0362292118,
          -0.0104546789,
          0.0065574106,
          -0.0229861923,
          0.003009486,
          0.0240117889,
          0.0170890093,
          0.0097111212,
          -0.0017579373,
          -0.0154865142,
          0.0047337711,
          0.0196530018,
          -0.000457913,
          0.0229477324,
          0.0193709619,
          -0.0024085504,
          0.0060958918,
          -0.0163198113,
          0.0022899657,
          -0.0240630694,
          -0.0518182851,
          0.0186145846,
          -0.0059420522,
          -0.0042337924,
          0.0094483122,
          -0.0104674986,
          0.0264091212,
          -0.0069227796,
          0.0024502152,
          0.0058651324,
          0.0186786838,
          0.0296910312,
          -0.07194563,
          0.0213452373,
          -0.003714584,
          0.0089355139,
          -0.0386393666,
          0.0214734357,
          -0.0115123261,
          -0.0070766192,
          -0.024216909,
          0.0056055286,
          -0.0252425056,
          0.0031953754,
          0.0418956354,
          0.0351266973,
          0.0237425696,
          0.0479210168,
          0.027255239,
          0.0234989896,
          -0.0045927512,
          -0.012057174,
          0.0080637559,
          0.0131276408,
          0.0128007317,
          0.0104803191,
          -0.0099867508,
          0.0018556895,
          -0.0146532161,
          0.000784822,
          -0.0126340725,
          -0.0331267826,
          -0.0055350186,
          0.0067432998,
          -0.0055798884,
          -0.0195248015,
          0.0357933342,
          -0.0121340938,
          -0.0006305819,
          -0.0173966885,
          -0.0160762314,
          0.0202427208,
          0.0282551963,
          -0.0179864075,
          -0.0040382878,
          -0.0263834819,
          0.0169351697,
          0.0583564676,
          -0.0257040244,
          -0.0257809442,
          0.0103457095,
          0.0219605956,
          -0.0070445691,
          -0.00335883,
          -0.0022611208,
          0.0166018512,
          -0.011813595,
          -0.0261014421,
          -0.0158198327,
          -0.0088329539,
          0.0029453863,
          -0.0161659718,
          -0.0042658425,
          0.0133199403,
          0.0323063023,
          0.0121533237,
          -0.03015255,
          -0.0230246522,
          -0.0157429129,
          0.0011738278,
          -0.0083714351,
          0.0169864502,
          -0.0276911184,
          0.0173710492,
          -0.0131084109,
          -0.0165633913,
          0.0043940418,
          0.0195504427,
          -0.0155121544,
          0.0252168644,
          0.0112879761,
          -0.0078970967,
          0.0183069054,
          0.0337164998,
          -0.0150121758,
          -0.0199735016,
          -0.024498947,
          -0.015319855,
          0.0054292539,
          0.0174479689,
          0.0415110365,
          0.0210247375,
          0.0063811359,
          -0.0144224577,
          -0.0317165852,
          -0.0019886966,
          0.014448097,
          -0.0323319435,
          0.0268962793,
          -0.0084419446,
          0.0416905172,
          0.0079227369,
          0.0062080664,
          -0.0123456232,
          -0.0284090359,
          0.0266655218,
          -0.0255886447,
          -0.0224092938,
          0.0243835673,
          0.0122879334,
          0.0146532161,
          0.0035703594,
          0.0060926871,
          -0.0207170583,
          -0.0509721674,
          0.024639966,
          0.0176018085,
          0.0152044753,
          -0.0414084755,
          -0.0218580347,
          -0.0071150791,
          -0.0086342441,
          -0.007467628,
          0.0092496024,
          0.0086855246,
          0.0020239514,
          0.0097175315,
          -0.0161531512,
          0.0125058731,
          0.0470748991,
          0.0199094005,
          0.0044998066,
          0.0138711985,
          -0.0270501189,
          -0.0311781466,
          -0.0167941507,
          -0.0252425056,
          -0.0026345022,
          0.0128391916,
          -0.0058394927,
          0.0051055499,
          0.0121469144,
          -0.0040286728,
          -0.0143455379,
          -0.0168454293,
          0.0057529579,
          0.0110892672,
          -0.0102623794,
          0.0153326746,
          -0.0007764089,
          0.0197555609,
          -0.0181402471,
          0.0006702436,
          -0.0022002261,
          -0.0117687248,
          -0.029101314,
          -0.0006421999,
          -0.0068971394,
          0.006454851,
          -0.0157685541,
          -0.0191145632,
          0.0208837185,
          -0.014691676,
          0.0086983442,
          4.63722e-05,
          -0.0424853526,
          -0.0365112498,
          0.0178966671,
          0.0484850965,
          0.0155121544,
          -0.0045703165,
          0.0026409121,
          0.0115187354,
          0.0240758881,
          0.0054997639,
          -0.018178707,
          -0.0112751564,
          -0.0104739089,
          -0.0222298149,
          0.0021601636,
          -0.0183838252,
          0.0148326959,
          -0.001333276,
          -0.0116853956,
          -0.0169479903,
          -0.0328447409,
          0.0147429565,
          0.0024758552,
          0.0085445046,
          -0.0242553689,
          0.0132302009,
          0.0019598517,
          0.0018556895,
          0.0215375368,
          -0.020627318,
          -0.020832438,
          0.0218323953,
          0.0368445702,
          0.0061183269,
          -0.0065766405,
          0.0030223061,
          0.014166058,
          0.0282039158,
          0.0009999571,
          0.0044260919,
          0.0285372362,
          0.0359471738,
          0.0715866685,
          0.0006754518,
          -0.0277680382,
          -0.0097431708,
          0.000464323,
          -0.0270244796,
          0.043100711,
          -0.0108969677,
          0.0198709406,
          0.0215759967,
          0.0018588945,
          -0.0081406757,
          -0.0168326106,
          0.0342549384,
          0.0290243942,
          -0.0433571115,
          -0.0068073999,
          -0.0017643473,
          0.0279987976,
          -0.0106726186,
          -0.0028957089,
          0.0224862136,
          0.0197555609,
          -0.0246656071,
          0.0214990769,
          -0.0044901916,
          0.0209093578,
          0.0136917196,
          -0.0079611968,
          -0.0325883441,
          -0.0180633273,
          0.0274347179,
          -0.0089226933,
          0.0358446129,
          0.025614284,
          -0.0112174666,
          0.0114995055,
          0.0378445275,
          0.0117046256,
          0.0012908099,
          -0.0058394927,
          -0.0144993765,
          -0.0113136163,
          -0.0086214244,
          -0.0091149928,
          0.0040671327,
          -0.0126404827,
          0.0242297277,
          0.0014823081,
          -0.0041408478,
          -0.024704067,
          -0.0255758241,
          0.0062176813,
          0.0096085612,
          -0.0302038305,
          0.0189991836,
          0.0379727259,
          -0.0354087353,
          0.0088265436,
          -0.0019390193,
          0.0038780386,
          -0.0003545521,
          0.0295115523,
          -0.0007856233,
          -0.0019598517
        ]
      }
    },
    "publications-hcp2-embeddings.parquet": {
      "shape": [
        352508,
        2
      ],
      "first_row": {
        "id": 245658,
        "embedding": [
          0.0135647701,
          0.0104672536,
          -0.0279703829,
          -0.0154443001,
          -0.0650911108,
          0.0434765108,
          -0.011982007,
          -0.0095769502,
          -0.050450556,
          -0.0338810124,
          0.0126435524,
          0.0069740475,
          -0.0022087574,
          0.0215280447,
          0.0323477089,
          0.033460591,
          -0.0005742151,
          -0.0277478062,
          0.0185974594,
          0.0006167209,
          0.0409787111,
          -0.0079261782,
          -0.0004532667,
          -0.0297757201,
          0.0286628418,
          -0.0177689828,
          -0.0037374217,
          -0.0493376777,
          -0.0230984408,
          0.0254231244,
          -0.0239516497,
          -0.0435259715,
          0.0408303291,
          -0.0259424672,
          0.0031840731,
          0.0499064811,
          -0.0076479581,
          0.0093296431,
          -0.0134905782,
          0.0023525045,
          0.0082662245,
          -0.0525279343,
          -0.0297262594,
          0.0371207297,
          0.0090019619,
          -0.0128970416,
          -0.0169157758,
          -0.0380357616,
          0.0176824257,
          0.0236548819,
          -0.0043649622,
          0.0172620043,
          -0.011592499,
          0.0076726889,
          -0.0567321442,
          -0.0332874767,
          0.0444162749,
          0.0328917839,
          0.0240382068,
          0.0396185257,
          0.0038579837,
          -0.0421905145,
          0.0531709306,
          0.0082847727,
          -0.0196979754,
          -0.0068380288,
          -0.0500054061,
          0.0090514235,
          0.0589084439,
          0.01198819,
          0.0027512866,
          0.0171012543,
          0.0100901118,
          -0.0128599461,
          0.040038947,
          -0.0078210728,
          -0.0180904809,
          0.0546053089,
          0.035735812,
          -0.0140841138,
          -0.0328423232,
          -0.0285144579,
          0.0331885517,
          -0.0296026058,
          -0.0333369374,
          -0.0362551548,
          -0.0093852878,
          -0.0222081374,
          -0.0063434155,
          0.0120376516,
          -0.0522806272,
          -0.0084702531,
          -0.006893673,
          0.0208603162,
          0.0130454255,
          -0.0409292504,
          -0.0018424345,
          -0.0032613564,
          0.0389755294,
          0.0646954179,
          -0.0087299244,
          0.0197103396,
          -0.0114441151,
          -0.0560396872,
          0.0388271436,
          -0.0097253341,
          0.0094718449,
          -0.0397916399,
          0.0196237825,
          0.0593041368,
          -0.0164953545,
          -0.0279209204,
          0.0214291215,
          0.0218000822,
          0.0254725851,
          -0.0595514402,
          -0.0823531151,
          -0.0067638368,
          -0.0188571326,
          -0.0211076234,
          -0.0483731814,
          0.0498570204,
          0.0309380628,
          0.0355132334,
          0.0483979136,
          0.0048843063,
          0.0420668609,
          -0.0092183556,
          0.0130206952,
          0.0098057091,
          0.0650911108,
          0.0072955461,
          0.0456280783,
          -0.0597492866,
          -0.0198710896,
          0.0585622154,
          -0.0356863514,
          -0.0309875235,
          -0.0071224314,
          -0.0537644662,
          0.0034159231,
          0.0350680836,
          0.0478538387,
          -0.0029769538,
          -0.0037652438,
          0.0485215634,
          -0.0176205989,
          0.0499312133,
          0.0087917512,
          0.0199823771,
          0.0449356176,
          0.008618637,
          -0.0143314209,
          -0.0027497408,
          -0.007796342,
          -0.0581170619,
          0.0310864467,
          0.0195248593,
          -0.0122911409,
          0.0410281718,
          0.0245451853,
          0.0221339446,
          0.0462710746,
          -0.0045999037,
          0.0101766689,
          0.0018130669,
          0.0062197624,
          0.0265854653,
          -0.0489172563,
          -0.012773389,
          -0.0121365739,
          -0.0255962387,
          -0.0443668142,
          -0.0298251826,
          -0.0221215803,
          0.0183130577,
          0.0556439981,
          -0.0127486577,
          0.0001749501,
          -0.0370218046,
          -0.013787346,
          0.0158152599,
          -0.0129959648,
          0.0516870916,
          -0.0146652842,
          -0.0017558773,
          -0.0275746919,
          -0.0060497392,
          -0.0045628077,
          -0.0063928771,
          -0.0156050501,
          -0.006504165,
          0.0561386086,
          0.0147518422,
          0.0120932953,
          -0.0388024151,
          0.0214538518,
          0.0053449152,
          -0.0315810591,
          -0.02177535,
          0.030319795,
          0.0063372329,
          0.032817591,
          -0.056188073,
          0.0044947984,
          0.0484473743,
          0.0381594151,
          -0.0281434972,
          -0.0066463663,
          -0.0402615219,
          0.0297509898,
          0.0006012643,
          0.0442431606,
          0.020452261,
          -0.0437485464,
          0.0152588207,
          -0.0212312769,
          -0.0027018252,
          0.0363293476,
          0.0507473238,
          -0.0304434486,
          -0.0275499616,
          -0.0047606532,
          0.0569794513,
          -0.0290090702,
          -0.0029754082,
          0.0073759211,
          -0.0767145231,
          0.0202544145,
          -0.1091116965,
          0.0512913987,
          0.0144427083,
          0.0141830361,
          -0.0061332048,
          0.0202667806,
          -0.0007732197,
          0.0533193126,
          -0.0608868971,
          0.0114441151,
          -0.0213301983,
          0.0076046796,
          0.0087422905,
          -0.0230860766,
          -0.0217629857,
          -0.0043927846,
          -0.0099850064,
          -0.0004057375,
          0.0241989568,
          0.0172620043,
          -0.0111906258,
          0.0169776008,
          -0.008222946,
          -0.0419926681,
          -0.0499064811,
          0.0236054193,
          0.0114132017,
          -0.0118892677,
          0.0251263566,
          -0.0489172563,
          -0.0284897257,
          -0.0171630811,
          -0.0230489802,
          0.0275499616,
          -0.0044298805,
          -0.0060064602,
          -0.017632965,
          0.0146405539,
          0.0066710971,
          -0.017311465,
          -0.0043433229,
          -0.0235435925,
          -0.0448614284,
          0.0146034574,
          -0.0200936664,
          -0.0247553959,
          0.024050571,
          0.0113699231,
          -0.0405088291,
          -0.0300477576,
          0.0289843399,
          0.0144550735,
          0.0234323051,
          -0.0110546071,
          -0.0198587235,
          -0.0370712653,
          0.0198463593,
          0.0013300461,
          0.0057777017,
          -0.0297015291,
          -0.0091379806,
          0.0377884582,
          -0.0084764352,
          0.031655252,
          -0.020291511,
          -0.0180657506,
          -0.0029985933,
          -0.0109124063,
          -0.0074191997,
          -0.0153330127,
          -0.0134411165,
          0.0413496718,
          0.0157534331,
          0.0534676984,
          0.0056633223,
          0.0117841624,
          0.0859637931,
          0.0121674873,
          -0.02601666,
          0.0240258407,
          -0.0202173181,
          -0.0036446818,
          -0.0020742845,
          0.0167426597,
          -0.02413713,
          -0.0011924817,
          -0.0228140391,
          0.0556934588,
          -0.0022010291,
          0.0310864467,
          -0.0575235263,
          0.0205635484,
          -0.0938281417,
          0.038233608,
          -0.0284155346,
          0.0037065085,
          0.0174845811,
          -0.0805230439,
          0.0124889864,
          0.0277478062,
          -0.0180781167,
          0.043006625,
          -0.0147765726,
          0.0406819433,
          -0.0201060306,
          0.0314821377,
          -0.0123406015,
          0.0054438375,
          0.0459495746,
          -0.0239021871,
          0.0200318396,
          -0.0067885676,
          -0.0397421792,
          -0.0421163216,
          0.0618761256,
          -0.01300833,
          0.0473839529,
          -0.0245451853,
          -0.0439216606,
          0.0502774417,
          0.0129341381,
          -0.0021345655,
          -0.0241247639,
          -0.0338810124,
          -0.0170517936,
          -0.0059879124,
          0.032817591,
          0.0241000336,
          -0.0187458433,
          -0.0131443487,
          0.0116419606,
          -0.0134534817,
          0.0446141213,
          0.0508462489,
          0.0501785204,
          0.0160378367,
          0.0254231244,
          -0.0409539826,
          0.0487441421,
          -0.0419184789,
          -0.0197845325,
          0.0367744975,
          0.02177535,
          -0.0177318864,
          0.0114132017,
          -0.036428269,
          0.0374669582,
          0.0228140391,
          0.0342272408,
          -0.0338068195,
          0.0441195071,
          0.0393464901,
          -0.0018810763,
          -0.0332380123,
          -0.0371701904,
          0.0029244011,
          0.0215775054,
          0.0572762191,
          0.0249779727,
          -0.0676136389,
          -0.0470129959,
          -0.0299488362,
          -0.0319272876,
          0.0152340895,
          -0.0025642607,
          0.0045720818,
          0.0198339932,
          0.0023184998,
          0.0422399752,
          0.0342025086,
          0.0175587721,
          0.0358841941,
          0.0009026693,
          -0.024372071,
          -0.0353895836,
          -0.0200071074,
          0.0108753098,
          -0.005762245,
          0.0103188697,
          0.0375164188,
          -0.0083775129,
          0.0028780312,
          -0.0242484175,
          0.0205017217,
          -0.0075675836,
          0.0188942291,
          -0.0005552807,
          0.0272779241,
          0.0614804327,
          -0.0017296009,
          0.0187953059,
          -0.0021824811,
          -0.0043155011,
          -0.0399647541,
          0.0317294449,
          0.0214167554,
          0.0230242498,
          0.0271542706,
          -0.0246441085,
          0.0063681463,
          -0.0342025086,
          -0.0003960771,
          -0.0214167554,
          0.0195990521,
          0.0140841138,
          -0.008544445,
          0.020452261,
          -0.0045226202,
          0.011907815,
          -0.0102261305,
          -0.0001696369,
          0.0140346522,
          0.021317834,
          -0.0185479987,
          -0.0159389134,
          0.000932037,
          -0.0579686798,
          -0.0518354736,
          0.045356039,
          -0.0056725964,
          -0.0179544631,
          0.0305176415,
          0.0097686127,
          -0.0391486436,
          0.0117841624,
          0.0369970761,
          -0.0344498158,
          0.0214662179,
          -0.0319272876,
          0.0269811563,
          0.0002407376,
          0.026956426,
          -0.0109556848,
          -0.0236548819,
          0.0193022843,
          0.0172125436,
          0.019116804,
          0.0093852878,
          -0.0093110958,
          -0.0092739994,
          0.0265112724,
          -0.0099850064,
          -0.0392228365,
          0.0052336268,
          0.0325455554,
          0.0429571643,
          -0.0043247752,
          0.0065907221,
          -0.0500548668,
          0.0636567324,
          0.0103992447,
          -0.020291511,
          0.0226532891,
          -0.0264123511,
          -0.025546778,
          0.0498075597,
          0.0854197145,
          0.0539623126,
          0.0268822331,
          -0.0180904809,
          0.0202544145,
          -0.0053912848,
          -0.014727111,
          0.0198958199,
          -0.012773389,
          0.0208355859,
          -0.064250268,
          -0.037442226,
          -0.0109309535,
          0.0165942758,
          -0.0064917998,
          0.0580676012,
          0.0015951279,
          -0.0087422905,
          0.0508957095,
          0.0006727514,
          0.0336337052,
          -0.082748808,
          0.0168539491,
          -0.0066958275,
          0.0249779727,
          0.0045226202,
          0.0667727962,
          0.0175835025,
          -0.0360325798,
          -0.0187829398,
          0.0001877019,
          -0.0138491727,
          0.0057498799,
          -0.0037992485,
          -0.0337820873,
          -0.0114132017,
          -0.0402367935,
          -0.0471366495,
          -0.0058858981,
          -0.0018007016,
          -0.004269131,
          -0.0025735348,
          -0.0467162281,
          -0.0160007402,
          0.0050605126,
          0.0019320832,
          -0.0263628885,
          -0.0116666909,
          0.0043247752,
          -0.0007477162,
          -0.0196237825,
          0.0080436487,
          -0.0163964313,
          -0.0462216139,
          0.0129465032,
          0.0055860388,
          0.0371454582,
          0.0445151962,
          -0.0158523563,
          -0.0277478062,
          -0.0040032766,
          0.0157039724,
          -0.0393217579,
          0.0085258968,
          0.0224925391,
          0.0109865982,
          0.0016523176,
          0.0693942457,
          -0.0044947984,
          0.0074191997,
          0.0340046659,
          0.0059199031,
          -0.0203904342,
          0.0295036845,
          -0.0132309059,
          0.0001202722,
          0.0018177039,
          0.0044422457,
          -0.0002635361,
          -0.012062382,
          0.0041176556,
          -0.027426308,
          -0.0174103882,
          0.0007871307,
          -0.0054716598,
          -0.0332380123,
          -0.0105599938,
          0.0150857056,
          0.0222946946,
          -0.0163840652,
          -0.0162851438,
          0.0276241526,
          -0.0188694969,
          0.0217258893,
          -0.0111597124,
          -0.0042165783,
          0.0014536994,
          -0.0246193763,
          0.0120252855,
          -0.0523300879,
          0.0209097769,
          0.0109556848,
          0.0106774643,
          -0.0355874263,
          0.0255962387,
          0.0383572616,
          0.007796342,
          0.0126621006,
          -0.0324713625,
          0.0149496868,
          -0.0211076234,
          0.0173485614,
          -0.0043958756,
          -0.0191786308,
          0.0298251826,
          0.0323971696,
          -0.0036786865,
          0.0144674387,
          0.0171878114,
          0.0212189108,
          -0.0045597162,
          -0.0176205989,
          0.0140099218,
          -0.0043649622,
          -0.0032706305,
          0.0281682275,
          0.0239269193,
          0.0172496382,
          -0.0588589832,
          -0.0087422905,
          -0.0064794342,
          0.0203780681,
          -0.0075737662,
          0.0226532891,
          0.0360325798,
          -0.0190673433,
          -0.0032582651,
          0.0185603648,
          0.0082600424,
          0.0123158712,
          0.0232097302,
          -0.0296273362,
          -0.0335100517,
          -0.0494860597,
          0.0311606377,
          -0.044811964,
          -0.0107207438,
          0.0477549136,
          0.0306907557,
          -0.0293552987,
          0.0355379656,
          0.0112215392,
          0.0022180316,
          0.0147518422,
          -0.0053325496,
          0.0064547034,
          0.0048843063,
          0.0366013832,
          -0.0451581962,
          0.006893673,
          0.0133669246,
          0.0283166114,
          0.0026585464,
          -0.0139233647,
          -0.0094903931,
          -0.0138862683,
          -0.0376648046,
          0.011202991,
          0.0221339446,
          -0.0049028546,
          0.0263628885,
          0.0035550331,
          0.0210457966,
          0.0072151716,
          0.0004524939,
          -0.0495355241,
          -0.0196237825,
          -0.0050914255,
          0.0245946459,
          -0.0152093591,
          0.044811964,
          -0.0195619557,
          -0.0066463663,
          -0.016062567,
          -0.0114935767,
          0.0586116761,
          -0.027030617,
          0.0142448628,
          -0.0213054679,
          0.0113761062,
          -0.0173361972,
          0.0041021989,
          -0.0063001369,
          -0.0273768455,
          -0.0003365689,
          0.0103312358,
          -0.0105661768,
          -0.0259177368,
          0.0003381146,
          0.00213302,
          0.0125013515,
          0.0148507645,
          0.0142819593,
          0.0206624717,
          -0.0356863514,
          -0.0045597162,
          -0.0083280513,
          0.0131072523,
          -0.0143190548,
          -0.0031361575,
          -0.0053572804,
          -0.026956426,
          -0.0023818722,
          0.0102941394,
          -0.0281187668,
          0.017002333,
          -0.0071100662,
          -0.0260413904,
          -0.0157657992,
          0.0045349859,
          -0.0132803675,
          -0.0013872357,
          -0.0032242604,
          0.0192528237,
          0.0031655252,
          0.0066216355,
          -0.0273521151,
          -0.0092307208,
          0.0245946459,
          0.0408303291,
          0.0382583402,
          -0.0090637887,
          0.0614804327,
          -0.0017821536,
          0.023345748,
          -0.0162109509,
          -0.0069184038,
          -0.0271790009,
          -0.0065165302,
          0.0119510936,
          0.0137626156,
          -0.035636887,
          0.0096202288,
          0.0063928771,
          0.0257940833,
          0.0160007402,
          0.0125817256,
          0.0213054679,
          -0.0012017557,
          -0.0246317424,
          0.0003413991,
          -0.0222081374,
          -0.0079632746,
          0.026239235,
          -0.0078025251,
          0.0168539491,
          0.0337820873,
          0.000630632,
          0.0417453647,
          0.0118212579,
          0.0139975566,
          -0.009793343,
          0.0109989634,
          -0.0142572289,
          -0.0182883274,
          -0.0238403603,
          0.0087917512,
          0.0159883741,
          -0.0103683313,
          0.0127610229,
          -0.0204398949,
          0.0180410203,
          0.0071780756,
          0.0033355486,
          -0.0010301868,
          -0.0060559218,
          0.0142077673,
          0.0139604602,
          -0.0147642074,
          0.0119325463,
          -0.0180533864,
          -0.0137502495,
          -0.0093605565,
          0.0278961901,
          -0.0209097769,
          -0.01198819,
          -0.0117408829,
          0.0328670554,
          0.0193764754,
          0.0021021066,
          0.005484025,
          0.0011468846,
          0.0361315012,
          -0.0389755294,
          0.0157534331,
          -0.0034622932,
          -0.0043155011,
          0.0338810124,
          -0.0145169003,
          -0.0215033125,
          -0.0258188136,
          -0.0586116761,
          -0.0003495139,
          0.0020650106,
          -0.0213920251,
          -0.0135153085,
          -0.0077777943,
          0.0106836474,
          -0.0279456507,
          -0.0002844027,
          0.0416711718,
          -0.0287617631,
          -0.092987299,
          -0.0029522232,
          0.0238774568,
          -0.0350928158,
          0.0050852429,
          0.018646922,
          0.0151722627,
          0.0202173181,
          0.0630137324,
          -0.0233333819,
          -0.0384067222,
          -0.0384067222,
          -0.000498091,
          -0.0004648592,
          0.025546778,
          -0.0346723944,
          -0.0123344194,
          0.0394206792,
          -0.0199205503,
          0.0224554446,
          -0.0286381096,
          0.0253983922,
          0.0170394275,
          0.0326444767,
          -0.0175216757,
          0.0188942291,
          -0.0252500083,
          -0.0064794342,
          -0.0044978899,
          0.0129217729,
          -0.0194877647,
          0.0249532405,
          -0.0347218551,
          0.0432539321,
          -0.0044175149,
          -0.0406819433,
          0.0188324023,
          0.0220844839,
          0.0186345559,
          0.0363540761,
          0.0088597611,
          -0.0128352148,
          0.0119387284,
          0.0244709924,
          0.030641295,
          0.0198092628,
          0.008933953,
          0.0244215317,
          -0.019116804,
          0.0219361,
          0.0135771353,
          -0.0282918811,
          0.0234323051,
          0.0087175593,
          -0.028440265,
          -0.0350433514,
          0.0033633704,
          -0.0309875235,
          0.0115492204,
          -0.0107702045,
          0.0085691754,
          0.0229005963,
          0.0300724898,
          -0.0552977659,
          -0.0396432579,
          -0.0257198922,
          0.0040527377,
          0.0202667806,
          0.0006998006,
          0.0020047296,
          -0.024211321,
          0.0310369842,
          -0.036279887,
          0.0236919764,
          0.0030372348,
          -0.0067514717,
          0.0023215911,
          0.0237661693,
          0.0130206952,
          -0.0017960645,
          0.0243349746,
          -0.0442678891,
          0.039569065,
          -0.0326444767,
          -0.01096805,
          0.0034932063,
          0.0215651393,
          0.016297508,
          0.0010974233,
          0.0435259715,
          0.0118583543,
          -0.008303321,
          0.0417206325,
          -0.0140717486,
          -0.0043835104,
          0.0049244938,
          0.0165448152,
          -0.0028903964,
          0.0202791449,
          0.0094347484,
          0.0158647224,
          -0.0022844952,
          -0.0194506682,
          -0.0270553473,
          0.0089463182,
          -0.0014969781,
          0.009168894,
          0.0025951741,
          0.0317294449,
          -0.0137626156,
          0.0009343554,
          -0.0066834623,
          0.0259177368,
          -0.0226161927,
          -0.0084084263,
          0.0126621006,
          0.0393712185,
          0.0143314209,
          0.037442226,
          -0.0067205583,
          0.0090452405,
          -0.003916719,
          -0.0346723944,
          -0.0054747509,
          -0.009954093,
          -0.0101952171,
          0.019351745,
          -0.0148136681,
          -0.0485710278,
          0.0226656552,
          0.03494443,
          0.0051872572,
          0.0041362038,
          -0.0038888971,
          0.0020495539,
          -0.0175835025,
          -0.0088164825,
          0.0087422905,
          -0.0136142308,
          0.0087051941,
          -0.0021546592,
          0.009088519,
          -0.016062567,
          0.0217506196,
          -0.020996334,
          -0.0123406015,
          -0.0097438823,
          -0.0085506272,
          -0.0312348306,
          0.0141583057,
          0.0227398463,
          0.0347218551,
          -0.0057127834,
          0.0112957312,
          0.0461226888,
          0.0140470183,
          -0.0041176556,
          0.0136389621,
          -0.0574740656,
          -0.0119572766,
          0.0005873533,
          0.0235188622,
          -0.0570783764,
          0.0151722627,
          0.0457022674,
          -0.0034468365,
          -0.0259919297,
          0.0141212102,
          0.0163964313,
          -0.0029383122,
          -0.0104239751,
          -0.0557923801,
          0.0213672947,
          -0.0171630811,
          0.0107392911,
          -0.0069740475,
          -0.0049955943,
          -0.0051748916,
          -0.0201060306,
          -0.0284897257,
          0.0131072523,
          0.0112215392,
          -0.0065536262,
          0.0415722467,
          0.0390497185,
          -0.0120747471,
          -0.0451581962,
          -0.055545073,
          0.0204893555,
          0.0554461516,
          -0.0461226888,
          0.0014459711,
          -0.0340293944,
          -0.0243473407,
          -0.0045226202,
          -0.0340541266,
          0.0162480474,
          0.0202173181,
          -0.0339799337,
          0.0026338159,
          -0.0375906117,
          0.0431055501,
          -0.0008423883,
          -0.0170641597,
          0.0087237423,
          0.019673245,
          0.0044484283,
          -0.0300477576,
          -0.0002619905,
          -0.0023555958,
          0.0081549371,
          -0.0050636036,
          0.0084269745,
          0.0114441151,
          0.0012133482,
          -0.0368734226,
          -0.0412260182,
          -0.0008447068,
          -0.0398411006,
          -0.0161120277,
          -0.0193022843,
          -0.0574246049,
          -0.0163098741,
          0.0075552184,
          0.0199452806,
          0.0514892451,
          0.0135276737,
          -0.0194135718,
          -0.0083280513,
          0.0108753098,
          0.0057282401,
          0.0095027583,
          0.0306660254,
          -0.0120500168,
          -0.0269316938,
          0.0101395724,
          0.0080436487,
          -0.0381594151,
          0.0227645766,
          -0.0117717963,
          -0.0013756433,
          -0.0398411006,
          -0.0157657992,
          -0.0018934415,
          -0.0034962979,
          0.0244709924,
          0.0359089263,
          0.0163469706,
          0.0139604602,
          0.023184998,
          -0.0064547034,
          0.0014351514,
          0.0090761539,
          0.0176205989,
          0.0075119394,
          0.0117594311,
          -0.0435506999,
          0.0223070607,
          0.0293552987,
          0.0283908043,
          -0.0392228365,
          0.0432539321,
          0.0195619557,
          -0.020526452,
          0.0312595591,
          0.0010889221,
          0.0043835104,
          -0.0050265077,
          -0.0422647074,
          0.0076479581,
          -0.0004953861,
          -0.0217135232,
          0.032446634,
          -0.0062228534,
          0.0149125913,
          0.018646922,
          0.0405830219,
          -0.0296767987,
          0.0171383508,
          0.0032366258,
          -0.0096078636,
          -0.0417453647,
          0.0151969939,
          0.0118707195,
          0.0184985381,
          -0.0285639185,
          -0.0038672579,
          -0.0249408763,
          0.0345487408,
          0.0103621483,
          -0.0238650925,
          -0.0065659918,
          -0.0233210176,
          -0.012223131,
          0.017942097,
          0.0004814751,
          -0.0307649467,
          0.0115615856,
          0.0148631297,
          0.0053418237,
          0.0125137167,
          -0.0046339082,
          -0.0104177929,
          -0.0004899763,
          -0.017076524,
          0.014417978,
          -0.0290832631,
          -0.0210581608,
          -0.0348949693,
          0.0320262127,
          0.0139357299,
          0.020291511,
          0.0273026545,
          0.0207490288,
          -0.0240134764,
          -0.0022798581,
          0.0159265492,
          0.0069740475,
          0.012612639,
          -0.027030617,
          0.0069554998,
          0.0064114248,
          0.0225172713,
          0.019586686,
          -0.0135400388,
          0.0250274334,
          -0.0060095517,
          -0.0082538594,
          -0.0041856649,
          0.0055242125,
          -0.0081302058,
          -0.0155679537,
          -0.0312101003,
          -0.0062537668,
          0.0383325294,
          0.0085753584,
          0.0308144093,
          -0.0172743704,
          -0.0271542706,
          0.0011708424,
          0.0157657992,
          0.0262145046,
          -0.0090266932,
          0.018486172,
          -0.0305423718,
          0.020687202,
          -0.0320014805,
          -0.0125446301,
          -0.0015889453,
          0.0118954498,
          0.0769123659,
          0.0074995742,
          -0.0051254304,
          0.0099046314,
          0.0287123024,
          0.0183501542,
          -0.0071224314,
          0.0189931504,
          0.0030186868,
          0.0440453142,
          -0.0174351186,
          -0.0236425158,
          -0.0111597124,
          -0.0187582094,
          0.0494613312,
          0.0418195538,
          8.22584e-05,
          -0.0060806521,
          -0.0244709924,
          0.0143437861,
          0.0098551698,
          0.0312348306,
          0.0143437861,
          -0.0054623857,
          0.0164458919,
          0.0162604116,
          0.0204769913,
          0.0230118837,
          0.0037992485,
          -0.0163098741,
          -0.0168168526,
          -0.000757763,
          -0.0095645851,
          -0.0142819593,
          -0.0132185407,
          -0.0283908043,
          0.0084146084,
          0.0111411642,
          0.0205759127,
          -0.0188694969,
          -0.0084578879,
          -0.0073821037,
          -0.0132927326,
          0.0029723169,
          -0.0330401696,
          0.013713154,
          -0.0012944958,
          0.0145045351,
          -0.0429077037,
          0.0144303432,
          0.0278714597,
          0.0224183481,
          0.0061053829,
          0.0009335826,
          -0.0139357299,
          0.021540409,
          0.0002388055,
          0.0199700128,
          0.0184367113,
          -0.0134040201,
          -0.0256951619,
          0.0092863645,
          -0.0319520198,
          0.0307402164,
          0.0264370814,
          -0.0016384065,
          -0.0179050025,
          0.0229871534,
          0.0104301581,
          -0.0078210728,
          0.0395443328,
          0.0184367113,
          -0.0076479581,
          0.0067020101,
          0.0138739031,
          -0.0239392836,
          0.0184738077,
          0.0142077673,
          -0.009873718,
          0.0061208396,
          -0.0273273848,
          0.0360820405,
          0.0030743307,
          -0.0054221982,
          -0.0350433514,
          -0.0027528321,
          -0.00064918,
          -0.0431302786,
          0.0065474436,
          -0.0050605126,
          -0.0090452405,
          -0.0095954984,
          0.0379615724,
          0.0055922219,
          -0.0068813078,
          -0.003916719,
          -0.0383325294,
          -0.0003591743,
          0.0082662245,
          -0.0293552987,
          0.0232715551,
          -0.0044669765,
          -0.0074686608,
          0.0218742732,
          -0.0229005963,
          -0.0091379806,
          -0.0183501542,
          -0.0616288185,
          0.0223688874,
          -0.0064547034,
          0.0066649141,
          -0.0101766689,
          -0.0155679537,
          0.0335842445,
          -0.0031639794,
          -0.0003473886,
          0.0120005552,
          0.0257940833,
          0.0323971696,
          -0.0528247021,
          0.028440265,
          -0.0139604602,
          0.0345487408,
          -0.0506484024,
          0.0239887461,
          -0.0295036845,
          -0.0228264034,
          -0.0212560073,
          0.0122849578,
          -0.0478291065,
          0.0197103396,
          0.0216516983,
          0.0326197483,
          0.0089957798,
          0.0450840034,
          0.0411270969,
          0.0240134764,
          -0.0122787757,
          -0.0165324491,
          0.0065350784,
          0.0010742382,
          -0.0138739031,
          -0.0003493206,
          0.0081240237,
          0.0087917512,
          -0.0279456507,
          -0.0055025732,
          -0.0250768941,
          -0.0330896303,
          -0.0052150791,
          -0.0133050978,
          0.0040929252,
          -0.0366261154,
          0.0052398099,
          -0.0103497831,
          0.0174351186,
          -0.0236672461,
          -0.0210457966,
          0.0419184789,
          0.0220721178,
          -0.0509451702,
          0.0081363888,
          -0.0146405539,
          0.012377698,
          0.0573256835,
          -0.0305918325,
          -0.0111535303,
          0.0084517049,
          0.0386540294,
          -0.0080189183,
          -0.0161862206,
          0.02413713,
          0.0138244415,
          0.0040712859,
          -0.0386540294,
          -0.007487209,
          0.0001427809,
          0.0136265969,
          -0.0126559176,
          0.0124642551,
          -0.0002753219,
          0.0222452339,
          0.0194630343,
          -0.0036044945,
          -0.0066216355,
          -0.0244338978,
          -0.0127115622,
          -0.0068874904,
          0.0278467294,
          -0.005011051,
          0.0381346866,
          0.0026786402,
          -0.0091132503,
          0.0153082814,
          0.0136265969,
          -0.0167179294,
          0.0276241526,
          0.0134287514,
          -0.0319767483,
          0.0084764352,
          0.0315810591,
          -0.0110855205,
          -0.0005850348,
          0.0029073989,
          -1.8862e-05,
          0.0158523563,
          0.0100035537,
          0.0171754472,
          -0.0029692254,
          0.0018857132,
          -0.0270058867,
          -0.0315563306,
          -0.0099046314,
          0.0219484661,
          -0.0233086515,
          0.0208726823,
          0.0018053385,
          0.0178308096,
          0.0200936664,
          0.0075552184,
          -0.0038487099,
          -0.02413713,
          0.0376153402,
          -0.0134658469,
          -0.0332380123,
          -0.0024807949,
          0.0063743289,
          0.0158894528,
          -0.0132927326,
          0.0215651393,
          -0.0391486436,
          -0.053368777,
          0.028044574,
          0.0236672461,
          0.0464936495,
          -0.0520333201,
          -0.0298993737,
          0.0075304876,
          -0.0004586765,
          -0.0252623744,
          0.008538262,
          -0.0017404206,
          -0.0055458518,
          0.0201678574,
          -0.0111102518,
          0.0154072046,
          0.0414980575,
          0.0155432234,
          0.0061424789,
          0.0258435458,
          -0.045999039,
          -0.0096758725,
          -0.0184985381,
          -0.0170641597,
          -0.0050326902,
          0.0041331123,
          0.0005626226,
          0.0067205583,
          0.0051841657,
          0.0059631816,
          0.0224925391,
          -0.0062290365,
          0.0252994709,
          -0.0082414942,
          -0.0122849578,
          -0.000279186,
          -0.0035117546,
          0.019277554,
          0.0170517936,
          0.0011940275,
          -0.0097747957,
          -0.0355379656,
          -0.0412754789,
          -0.0048843063,
          -0.0276488829,
          0.0224801749,
          -0.0269316938,
          -0.0161367599,
          0.0139975566,
          -0.0107392911,
          0.0024143311,
          -0.0033850097,
          -0.0021361113,
          -0.0392722972,
          0.0420668609,
          0.0412754789,
          0.0166066419,
          -0.0078952648,
          0.0233086515,
          0.0077468809,
          0.0141583057,
          0.0220597535,
          -0.0069864127,
          -0.0127362926,
          -0.016297508,
          -0.0169281401,
          0.0013570952,
          -0.0238403603,
          0.0005398241,
          0.0120561989,
          -0.0116914222,
          -0.0239516497,
          -0.0439463928,
          0.0265854653,
          0.0060868352,
          0.0178926364,
          -0.0427345894,
          0.0075366702,
          0.0047761099,
          -0.0183377881,
          0.0107702045,
          0.0005123885,
          -0.0402615219,
          -0.0010587816,
          0.0128599461,
          -0.0066278181,
          0.0016569545,
          -0.0044175149,
          0.02397638,
          0.0334853195,
          0.0098180743,
          -0.0125631783,
          0.0317294449,
          0.0236796122,
          0.0875960141,
          0.0265854653,
          -0.0134411165,
          0.0026600922,
          0.0283166114,
          -0.0119758248,
          0.0257693529,
          0.0090823369,
          0.0081734853,
          0.0177689828,
          -0.0112524526,
          -0.0032180778,
          -0.0197845325,
          0.0423636287,
          0.0210210662,
          -0.0357110798,
          -0.0212312769,
          0.0054963902,
          0.0329165161,
          -0.0219731964,
          -0.0197845325,
          0.0093110958,
          0.0088102994,
          -0.0316799805,
          0.0007581494,
          -0.0321745947,
          0.0271790009,
          0.0222081374,
          -0.0027466496,
          -0.0267338492,
          0.0070296917,
          0.0223565213,
          -0.0241494942,
          0.0326692089,
          0.0176824257,
          -0.0047853836,
          0.0019119895,
          0.0258435458,
          0.0018949872,
          -0.0172991008,
          0.0077901594,
          -0.0127981193,
          0.005484025,
          0.0024869775,
          -0.0075304876,
          -0.0134534817,
          -0.0149002261,
          0.0012914045,
          -0.0019923642,
          -0.01300833,
          -0.0210828912,
          -0.0153824734,
          -0.0057931584,
          -9.84879e-05,
          -0.0287123024,
          0.0134163862,
          0.0251387209,
          -0.0244338978,
          -0.0099664582,
          -0.0121489391,
          0.0151351672,
          -0.013713154,
          0.0185232684,
          0.0101766689,
          0.0159636438
        ]
      }
    }
  }
}