{
  "project_group": "figiri",
  "data_filenames": [
    "superhero_laundry_day.parquet"
  ],
  "data_filepaths": {
    "/Users/thorwhalen/Dropbox/_odata/figiri/spotify_playlists/superhero_laundry_day.parquet": 3629
  },
  "num_of_data_files": 1,
  "tables_info": {
    "superhero_laundry_day.parquet": {
      "shape": [
        3,
        4
      ],
      "first_row": {
        "name": "Superman",
        "power_level": 1000,
        "has_clean_cape": true,
        "favorite_detergent": "Kryptonite-Free"
      }
    }
  }
}