{
  "project_group": "figiri",
  "data_filenames": [
    "umap_embeddings.parquet",
    "word_and_synset.parquet",
    "wordnet_collection_meta.parquet",
    "wordnet_feature_meta.parquet",
    "wordnet_metadata.parquet",
    "words_embeddings.parquet"
  ],
  "data_filepaths": {
    "/Users/thorwhalen/Dropbox/_odata/figiri/wordnet_words/umap_embeddings.parquet": 1063066,
    "/Users/thorwhalen/Dropbox/_odata/figiri/wordnet_words/word_and_synset.parquet": 2619996,
    "/Users/thorwhalen/Dropbox/_odata/figiri/wordnet_words/wordnet_collection_meta.parquet": 3904350,
    "/Users/thorwhalen/Dropbox/_odata/figiri/wordnet_words/wordnet_feature_meta.parquet": 7879474,
    "/Users/thorwhalen/Dropbox/_odata/figiri/wordnet_words/wordnet_metadata.parquet": 10829632,
    "/Users/thorwhalen/Dropbox/_odata/figiri/wordnet_words/words_embeddings.parquet": 469006111
  },
  "code_file": "wordnet_words.py",
  "code_contents": "\"\"\"\nPrepare wordnet words data.\n\"\"\"\n\nimport os\nfrom typing import Sized, Iterable\nfrom functools import cached_property\n\nimport pandas as pd\nfrom dol import cache_this\nfrom lkj import clog\nfrom i2 import Sig\nfrom tabled import DfFiles\n\nfrom nltk.corpus import wordnet as wn  # pip install nltk\n\nDFLT_ROOTDIR = os.getenv('WORDNET_WORDS')\n\n\nclass WordsDacc:\n    word_frequency_data_url = 'https://github.com/thorwhalen/content/raw/refs/heads/master/tables/csv/zip/english-word-frequency.csv.zip'\n\n    def __init__(self, rootdir=DFLT_ROOTDIR, *, word_list=None, verbose=True):\n        self.rootdir = rootdir\n        if self.rootdir is None:\n            raise ValueError(\"You need to specify a rootdir\")\n        self.df_files = DfFiles(rootdir)\n        self.log = clog(verbose)\n        if word_list is None:\n            word_list = self._words_common_to_word_counts_and_wordnet()\n        self.word_list = word_list\n\n    def _words_common_to_word_counts_and_wordnet(self):\n        \"\"\"\n        Take the intersection of the words that are indexed by wordnet (lemma names) and have a frequency count\n        \"\"\"\n        return sorted(set(self.wordnet_words) & set(self.word_counts.index))\n\n    @cache_this\n    def words_set(self):\n        return set(self.word_list)\n\n    @cache_this  # to RAM\n    def word_counts(self):\n        # Note: The (..., keep_default_na=False, na_values=[]) is to avoid words \"null\" and \"nan\" being interpretted as NaN\n        #    see https://www.skytowner.com/explore/preventing_strings_from_getting_parsed_as_nan_for_read_csv_in_pandas\n        return pd.read_csv(\n            self.word_frequency_data_url, keep_default_na=False, na_values=[]\n        ).set_index('word')['count']\n\n    @cache_this\n    def wordnet_words(self):\n        return sorted(list(wn.all_lemma_names()))\n\n    @cache_this(cache='df_files', key='word_and_synset.parquet')\n    def word_and_synset(self):\n        def gen():\n            for word in self.word_list:\n                for synset in wn.synsets(word):\n                    yield {\n                        'word': word,\n                        'synset': synset.name(),\n                        'lemma': f\"{synset.name()}.{word}\",\n                    }\n\n        df = pd.DataFrame(gen())\n        df = _deduplicate_lemmas_and_make_it_the_index(df)\n        return df\n\n    @cache_this(cache='df_files', key='wordnet_metadata.parquet')\n    def wordnet_metadata(self):\n        self.log('computing wordnet_metadata...')\n\n        word_and_synset_df = self.word_and_synset\n\n        synsets = word_and_synset_df.synset.unique()\n        synsets_metadata = pd.DataFrame(synsets_metadatas(synsets))\n\n        # translate pos to something user-friendly (replace pos with their full names)\n        part_of_speech = {\n            'n': 'noun',\n            'v': 'verb',\n            'a': 'adjective',\n            's': 'adjective_satellite',\n            'r': 'adverb',\n        }\n        synsets_metadata['pos'] = synsets_metadata['pos'].map(part_of_speech)\n\n        # merge the two dataframes\n        df = word_and_synset_df.merge(synsets_metadata, on='synset')\n\n        df = _deduplicate_lemmas_and_make_it_the_index(df)\n        return df\n\n    @property\n    def word_frequencies(self):\n        t = self.word_counts\n        t = t / t.sum()\n        t.name = \"frequency\"\n        return t\n\n    @cache_this(cache='df_files', key='wordnet_feature_meta.parquet')\n    def wordnet_feature_meta(self):\n        t = self.wordnet_metadata[wordnet_feature_attr_names]\n        t = self.word_frequencies.loc[self.word_list].to_frame()\n        t = t.merge(self.umap_embeddings, left_on=\"word\", right_index=True, how=\"left\")\n        t = t.merge(\n            self.wordnet_metadata[['word'] + wordnet_feature_attr_names],\n            right_on='word',\n            left_index=True,\n            # right_index=True,\n            how=\"left\",\n        )\n        non_wordnet_features = ['word', 'frequency']\n        embedding_features = ['umap_x', 'umap_y']\n        return t[non_wordnet_features + wordnet_feature_attr_names + embedding_features]\n\n    @cache_this(cache='df_files', key='wordnet_collection_meta.parquet')\n    def wordnet_collection_meta(self):\n        return self.wordnet_metadata[wordnet_collection_attr_names]\n\n    @cache_this(cache='df_files', key='words_embeddings.parquet')\n    def words_embeddings(self):\n        self.log('computing words_embeddings...')\n        import oa  # pip install oa\n\n        assert len(self.word_list) == len(set(self.word_list)), \"Words not unique\"\n        word_embeddings = oa.embeddings(self.word_list)\n        df = pd.DataFrame(\n            index=self.word_list, data=map(lambda x: [x], word_embeddings)\n        )\n        df.columns = ['embedding']\n        return df\n\n    @cache_this(cache='df_files', key='umap_embeddings.parquet')\n    def umap_embeddings(self):\n        self.log('computing UMAP planar embeddings of words_embeddings...')\n\n        import imbed\n\n        umap_planar_embeddings = imbed.umap_2d_embeddings(\n            self.words_embeddings.embedding\n        )\n        return imbed.planar_embeddings_dict_to_df(\n            umap_planar_embeddings, x_col='umap_x', y_col='umap_y', index_name='word'\n        )\n\n    @cache_this\n    def lemmas_of_synset(self):\n        \"\"\"\n        Precompute synset_to_lemmas: mapping from synset to all lemmas that share that synset\n        \"\"\"\n        from collections import defaultdict\n\n        synset_to_lemmas = defaultdict(set)\n\n        for lemma, row in self.word_and_synset.iterrows():\n            syn = row['synset']\n            synset_to_lemmas[syn].add(lemma)\n        return synset_to_lemmas\n\n    @cache_this\n    def word_of_lemma(self):\n        \"\"\"\n        Precompute synset_to_lemmas: mapping from synset to all lemmas that share that synset\n        \"\"\"\n\n        # Precompute lemma_to_word: mapping from lemma to word (a lemma can be used as a key to find its word)\n\n        # word_and_synset is a dataframe indexed by lemma, with columns: word, synset\n        lemma_to_word = {}\n\n        for lemma, row in self.word_and_synset.iterrows():\n            lemma_to_word[lemma] = row['word']\n\n        return lemma_to_word\n\n    def lemma_graph_edges(self, adjacency):\n        # For each source lemma in adjacency, find the target synsets.\n        # For each target synset, gather its associated lemmas.\n        # Yield a dict with \"source\" and \"target\" keys for each resulting lemma-to-lemma edge.\n\n        # TODO: Can be optimized\n        for source_lemma, target_synsets in adjacency.items():\n            # target_synsets are synset identifiers\n            for target_syn in target_synsets:\n                for target_lemma in self.lemmas_of_synset.get(target_syn, []):\n                    if (\n                        source_lemma in self.word_of_lemma\n                        and target_lemma in self.word_of_lemma\n                    ):\n                        yield {\n                            \"source\": source_lemma,\n                            \"target\": target_lemma,\n                        }\n\n    # @cache_this(cache='df_files', key='words_and_features.parquet')\n    def words_and_features(self):\n        t = self.word_counts\n        word_frequencies = t / t.sum()\n        word_frequencies.name = \"frequency\"\n\n        t = self.wordnet_feature_meta.merge(\n            word_frequencies, left_on=\"word\", right_index=True, how=\"left\"\n        )\n        t = t.merge(self.umap_embeddings, left_on=\"word\", right_index=True, how=\"left\")\n        return t\n\n    # @property\n    # def synset_details(self):\n    #     \"\"\"\n    #     Generate details for words using WordNet synsets, with simplification via getattr.\n\n    #     Args:\n    #         words (list): List of words to query in WordNet.\n\n    #     Yields:\n    #         dict: A dictionary of synset details for each word.\n    #     \"\"\"\n\n    #     attributes_to_extract = self._non_string_iterable_columns\n\n    #     for word in self.word_list:\n    #         for synset in wn.synsets(word):\n    #             synset_data = {\n    #                 \"word\": word,\n    #                 \"synset\": synset.name(),  # Synset identifier (e.g., \"salt.n.03\")\n    #                 \"definition\": synset.definition(),  # Definition of the synset\n    #                 \"example\": next(\n    #                     iter(synset.examples()), ''\n    #                 ),  # Example usage or empty string\n    #                 \"pos\": synset.pos(),  # Part of speech\n    #             }\n\n    #             # Use getattr to dynamically populate lists for attributes\n    #             for method_name in attributes_to_extract:\n    #                 synset_data[method_name] = [\n    #                     x.name() for x in getattr(synset, method_name)()\n    #                 ]\n\n    #             yield synset_data\n\n\ndef synsets_metadatas(synsets):\n    \"\"\"\n    A generator that takes a list of words and yields details for each word and synset.\n\n    Args:\n        words (list): A list of words (strings) to query WordNet.\n\n    Yields:\n        dict: A dictionary with information about the word, synset, and associated features.\n    \"\"\"\n    from nltk.corpus import wordnet as wn\n\n    for synset in synsets:\n        if isinstance(synset, str):\n            synset = wn.synset(synset)\n\n        d = {\n            \"synset\": synset.name(),  # Synset identifier (e.g., \"salt.n.03\")\n            \"example\": next(iter(synset.examples()), ''),\n        }\n        for attr_name in wordnet_feature_attr_names:\n            d[attr_name] = getattr(synset, attr_name)()\n        for attr_name in wordnet_collection_attr_names:\n            val = getattr(synset, attr_name)()\n            try:\n                d[attr_name] = [synset.name() for synset in val]\n            except Exception as e:\n                raise print(f\"{attr_name} failed. {val=}. {e=}\")\n\n        yield d\n\n\nimport pandas as pd\n\n\ndef _deduplicate_lemmas_and_make_it_the_index(df):\n    # get rid of duplicate lemma names\n    df['lemma'] = (\n        df['synset'] + '.' + df['word']\n    )  # note: didn't find an attribute for this\n    df = df.drop_duplicates(\n        subset='lemma'\n    )  # drop duplicates (don't know why they're there, but they are)\n    df = df.set_index('lemma')\n    assert not any(\n        df.index.duplicated()\n    ), \"There were some duplicates lemmas in the index\"\n    return df\n\n\n# --------------------------------------------------------------------------------------\n# Constants\n\nfrom nltk.corpus.reader.wordnet import Lemma, Synset\n\n_example_synset = wn.synsets('dog')[0]\n\n_exclude_attr_names = (\n    'mst',\n    'acyclic_tree',\n    'also_sees',\n    'frame_ids',\n    'max_depth',\n    'min_depth',\n    'offset',\n    'lemmas',\n    'examples',  # will be handled separately\n    'hypernym_distances',  # is a set of tuples\n    'hypernym_paths',  # a list of lists,\n    'lemma_names',  # a list of strings\n)\n\n\ndef _get_wordnet_attributes_example(exclude_attr_names=_exclude_attr_names):\n    \"\"\"\n    Generate WordNet attributes for a synset.\n\n    This is what was used to define wordnet_attrs, but the result was then copied to\n    the module level for stability.\n\n    Do\n\n    ```\n    wordnet_attrs_example = dict(_get_wordnet_attributes_example())\n    ```\n\n    to recompute the attributes.\n    \"\"\"\n    exclude_attr_names = set(exclude_attr_names)\n    for attr_name in dir(_example_synset):\n        if not attr_name.startswith('_') and attr_name not in exclude_attr_names:\n            attr = getattr(_example_synset, attr_name)\n            if callable(attr) and len(Sig(attr).required_names) == 0:\n                yield attr_name, attr()\n\n\nwordnet_attrs_example = {\n    'attributes': [],\n    'causes': [],\n    'definition': 'a member of the genus Canis (probably descended from the common wolf) that has been domesticated by man since prehistoric times; occurs in many breeds',\n    'entailments': [],\n    'examples': ['the dog barked all night'],\n    'hypernym_distances': {\n        (Synset('animal.n.01'), 2),\n        (Synset('animal.n.01'), 7),\n        (Synset('canine.n.02'), 1),\n        (Synset('carnivore.n.01'), 2),\n        (Synset('chordate.n.01'), 6),\n        (Synset('dog.n.01'), 0),\n        (Synset('domestic_animal.n.01'), 1),\n        (Synset('entity.n.01'), 8),\n        (Synset('entity.n.01'), 13),\n        (Synset('living_thing.n.01'), 4),\n        (Synset('living_thing.n.01'), 9),\n        (Synset('mammal.n.01'), 4),\n        (Synset('object.n.01'), 6),\n        (Synset('object.n.01'), 11),\n        (Synset('organism.n.01'), 3),\n        (Synset('organism.n.01'), 8),\n        (Synset('physical_entity.n.01'), 7),\n        (Synset('physical_entity.n.01'), 12),\n        (Synset('placental.n.01'), 3),\n        (Synset('vertebrate.n.01'), 5),\n        (Synset('whole.n.02'), 5),\n        (Synset('whole.n.02'), 10),\n    },\n    'hypernym_paths': [\n        [\n            Synset('entity.n.01'),\n            Synset('physical_entity.n.01'),\n            Synset('object.n.01'),\n            Synset('whole.n.02'),\n            Synset('living_thing.n.01'),\n            Synset('organism.n.01'),\n            Synset('animal.n.01'),\n            Synset('domestic_animal.n.01'),\n            Synset('dog.n.01'),\n        ],\n        [\n            Synset('entity.n.01'),\n            Synset('physical_entity.n.01'),\n            Synset('object.n.01'),\n            Synset('whole.n.02'),\n            Synset('living_thing.n.01'),\n            Synset('organism.n.01'),\n            Synset('animal.n.01'),\n            Synset('chordate.n.01'),\n            Synset('vertebrate.n.01'),\n            Synset('mammal.n.01'),\n            Synset('placental.n.01'),\n            Synset('carnivore.n.01'),\n            Synset('canine.n.02'),\n            Synset('dog.n.01'),\n        ],\n    ],\n    'hypernyms': [Synset('domestic_animal.n.01'), Synset('canine.n.02')],\n    'hyponyms': [\n        Synset('pooch.n.01'),\n        Synset('pug.n.01'),\n        Synset('griffon.n.02'),\n        Synset('spitz.n.01'),\n        Synset('toy_dog.n.01'),\n        Synset('basenji.n.01'),\n        Synset('great_pyrenees.n.01'),\n        Synset('working_dog.n.01'),\n        Synset('hunting_dog.n.01'),\n        Synset('poodle.n.01'),\n        Synset('mexican_hairless.n.01'),\n        Synset('puppy.n.01'),\n        Synset('leonberg.n.01'),\n        Synset('newfoundland.n.01'),\n        Synset('corgi.n.01'),\n        Synset('dalmatian.n.02'),\n        Synset('cur.n.01'),\n        Synset('lapdog.n.01'),\n    ],\n    'in_region_domains': [],\n    'in_topic_domains': [],\n    'in_usage_domains': [],\n    'instance_hypernyms': [],\n    'instance_hyponyms': [],\n    'lemma_names': ['dog', 'domestic_dog', 'Canis_familiaris'],\n    'lexname': 'noun.animal',\n    'member_holonyms': [Synset('pack.n.06'), Synset('canis.n.01')],\n    'member_meronyms': [],\n    'name': 'dog.n.01',\n    'part_holonyms': [],\n    'part_meronyms': [Synset('flag.n.07')],\n    'pos': 'n',\n    'region_domains': [],\n    'root_hypernyms': [Synset('entity.n.01')],\n    'similar_tos': [],\n    'substance_holonyms': [],\n    'substance_meronyms': [],\n    'topic_domains': [],\n    'usage_domains': [],\n    'verb_groups': [],\n}\n\n\nwordnet_attrs_example = dict(_get_wordnet_attributes_example())\nwordnet_attr_names = sorted(wordnet_attrs_example)\nwordnet_collection_attr_names = sorted(\n    [\n        name\n        for name in wordnet_attr_names\n        if not isinstance(wordnet_attrs_example[name], str)\n        and isinstance(wordnet_attrs_example[name], Sized)\n    ]\n)\nwordnet_feature_attr_names = sorted(\n    set(wordnet_attr_names) - set(wordnet_collection_attr_names)\n)\n",
  "num_of_data_files": 6,
  "tables_info": {
    "umap_embeddings.parquet": {
      "shape": [
        52078,
        2
      ],
      "first_row": {
        "umap_x": 3.0279157162,
        "umap_y": 3.7609651089
      }
    },
    "word_and_synset.parquet": {
      "shape": [
        123587,
        2
      ],
      "first_row": {
        "word": "a",
        "synset": "angstrom.n.01"
      }
    },
    "wordnet_collection_meta.parquet": {
      "shape": [
        123587,
        22
      ],
      "first_row": {
        "attributes": [],
        "causes": [],
        "entailments": [],
        "hypernyms": [
          "metric_linear_unit.n.01"
        ],
        "hyponyms": [],
        "in_region_domains": [],
        "in_topic_domains": [],
        "in_usage_domains": [],
        "instance_hypernyms": [],
        "instance_hyponyms": [],
        "member_holonyms": [],
        "member_meronyms": [],
        "part_holonyms": [
          "nanometer.n.01"
        ],
        "part_meronyms": [
          "picometer.n.01"
        ],
        "region_domains": [],
        "root_hypernyms": [
          "entity.n.01"
        ],
        "similar_tos": [],
        "substance_holonyms": [],
        "substance_meronyms": [],
        "topic_domains": [],
        "usage_domains": [],
        "verb_groups": []
      }
    },
    "wordnet_feature_meta.parquet": {
      "shape": [
        123587,
        8
      ],
      "first_row": {
        "word": "a",
        "frequency": 0.0154409126,
        "definition": "a metric unit of length equal to one ten billionth of a meter (or 0.0001 micron); used to specify wavelengths of electromagnetic radiation",
        "lexname": "noun.quantity",
        "name": "angstrom.n.01",
        "pos": "noun",
        "umap_x": 3.0279157162,
        "umap_y": 3.7609651089
      }
    },
    "wordnet_metadata.parquet": {
      "shape": [
        123587,
        29
      ],
      "first_row": {
        "word": "a",
        "synset": "angstrom.n.01",
        "example": "",
        "definition": "a metric unit of length equal to one ten billionth of a meter (or 0.0001 micron); used to specify wavelengths of electromagnetic radiation",
        "lexname": "noun.quantity",
        "name": "angstrom.n.01",
        "pos": "noun",
        "attributes": [],
        "causes": [],
        "entailments": [],
        "hypernyms": [
          "metric_linear_unit.n.01"
        ],
        "hyponyms": [],
        "in_region_domains": [],
        "in_topic_domains": [],
        "in_usage_domains": [],
        "instance_hypernyms": [],
        "instance_hyponyms": [],
        "member_holonyms": [],
        "member_meronyms": [],
        "part_holonyms": [
          "nanometer.n.01"
        ],
        "part_meronyms": [
          "picometer.n.01"
        ],
        "region_domains": [],
        "root_hypernyms": [
          "entity.n.01"
        ],
        "similar_tos": [],
        "substance_holonyms": [],
        "substance_meronyms": [],
        "topic_domains": [],
        "usage_domains": [],
        "verb_groups": []
      }
    },
    "words_embeddings.parquet": {
      "shape": [
        52078,
        1
      ],
      "first_row": {
        "embedding": [
          0.0267421398,
          0.0086987698,
          -0.0090416176,
          0.0265029427,
          -0.0144155603,
          0.0109950537,
          -0.0081964582,
          -0.0084436275,
          0.0005685894,
          -0.0353053659,
          0.0208260193,
          -0.0383032896,
          -0.0319566168,
          0.0207143947,
          0.0144474525,
          0.0285919234,
          0.0146547565,
          -0.0292457268,
          -0.017078612,
          0.0080688866,
          0.002772683,
          0.042895861,
          0.0269813351,
          -0.0309360474,
          -0.0519215316,
          -0.0354010426,
          -0.0176207889,
          0.0148780057,
          0.0210333224,
          -0.0133391768,
          0.0455110706,
          -0.0422580019,
          -0.0093844654,
          0.0148381405,
          -0.0361026861,
          0.0360389017,
          -0.0007818727,
          0.0069526373,
          0.022101732,
          -0.0235209633,
          -0.0208100732,
          -0.004078296,
          0.0099266442,
          0.0058483481,
          0.0438845381,
          0.0233774465,
          -0.0390368253,
          0.0284802988,
          -0.014343801,
          0.0077300253,
          -0.0233933926,
          -0.0180991814,
          0.0150932828,
          0.073736228,
          0.0109791076,
          -0.0309519935,
          0.0211768411,
          0.0222293045,
          0.0265188906,
          0.0177483615,
          0.0117365625,
          -0.0116966963,
          -0.0219901074,
          -0.0346037224,
          -0.0216871258,
          -0.0247807298,
          -0.0185137894,
          0.0363578275,
          0.0168234687,
          -0.0051108263,
          -0.0078376634,
          0.0303141363,
          0.0108276168,
          -0.0087067429,
          0.0081964582,
          0.0047480455,
          -0.0387178995,
          -0.0376654342,
          -0.0208738595,
          0.0613937005,
          -0.0191675927,
          0.0678041577,
          -0.0002653583,
          -0.0695263743,
          0.0103173312,
          -0.0335193649,
          -0.0810077935,
          0.0705469474,
          -0.0219422691,
          0.0113299284,
          2.7213e-06,
          0.0321479738,
          -0.0068370258,
          0.0353372581,
          0.0117923748,
          0.0274118893,
          -0.0091771623,
          0.008929993,
          0.0002348359,
          -0.0218146965,
          0.0258810334,
          -0.0384627543,
          -0.002910221,
          0.0253707487,
          0.040918503,
          0.008523359,
          0.0235847495,
          -0.0506777093,
          -0.044012107,
          0.040535789,
          0.0551746003,
          -0.0295806024,
          -0.0165683255,
          -0.0109153222,
          -0.0069725704,
          -0.0231860895,
          0.0034763187,
          -0.0233455524,
          0.0146547565,
          -0.0901929289,
          -0.0245893728,
          0.0446818583,
          0.0318768844,
          -0.0471376069,
          0.0694625899,
          0.0288789589,
          0.0073433244,
          0.0133152576,
          -0.0505182445,
          -0.0008870194,
          0.0083080828,
          0.0155716753,
          0.0079811811,
          -0.0476159975,
          -0.0117604816,
          -0.0111943837,
          -0.0244618021,
          -0.0019095833,
          -0.0582363121,
          0.0223409291,
          0.0519534238,
          -0.0056211115,
          -0.0087864753,
          0.0250518192,
          -0.0163929164,
          -0.0457024276,
          0.0414287895,
          -0.0028324821,
          0.0025314935,
          -0.0142640695,
          -0.0370913632,
          0.0021906388,
          -0.0358475447,
          0.0064822179,
          -0.0348588638,
          -0.0249401946,
          -0.0148461135,
          0.0142959617,
          -0.02910221,
          0.0451921448,
          0.0037673407,
          -0.0326582603,
          0.010468822,
          -0.0260564443,
          -0.0533885993,
          0.0449688919,
          -0.0108515359,
          -0.0178280938,
          -0.0559400283,
          -0.0161935855,
          -0.04503268,
          -0.0101100281,
          -0.0420985371,
          -0.0028763348,
          -0.0093605462,
          -0.0042537064,
          -0.0159224961,
          -0.0509009585,
          -0.0050350809,
          0.0336788297,
          0.0284962449,
          0.0627650917,
          0.0330728665,
          -0.0090017514,
          0.0020550943,
          0.0139132477,
          -0.0017999517,
          0.021910375,
          0.0096156886,
          0.0142242033,
          -0.0058124685,
          0.0269334968,
          -0.0189124495,
          0.0170626659,
          0.0050988668,
          -0.028894905,
          0.0050191344,
          -0.0059998389,
          0.0066576288,
          0.051793959,
          -0.0090097254,
          -0.034539938,
          0.0298676379,
          -0.0383989699,
          -0.0827300102,
          -0.0285759773,
          -0.0119757587,
          0.0136899985,
          0.0372189358,
          -0.0501674265,
          0.0342847928,
          -0.0185137894,
          0.0361345783,
          0.0362621509,
          -0.0259767119,
          -0.0219901074,
          0.0029779931,
          0.0369637907,
          0.0164407548,
          -0.0013933181,
          -0.0607877374,
          -0.0174294319,
          0.0755222291,
          0.0743740872,
          -0.0182745922,
          0.0351140089,
          -0.0043294518,
          -0.0467230007,
          -0.0230585169,
          -0.0136022931,
          0.0402487554,
          0.0274597276,
          -0.0482219607,
          0.0344442576,
          -0.0500717461,
          0.0214638766,
          -0.0172061827,
          -0.0014840134,
          -0.0006214119,
          -0.0499122813,
          -0.0426407158,
          -0.0178759322,
          0.0071001416,
          0.0214000903,
          -0.0065420172,
          0.002084994,
          -0.0020810072,
          -0.0170307718,
          0.0268537644,
          0.0467548929,
          0.0494657829,
          0.00212486,
          -0.0396746844,
          0.0075386683,
          -0.0342847928,
          0.0121830618,
          0.0047041927,
          0.0101498943,
          0.0156514067,
          -0.0344123654,
          -0.0376654342,
          0.0276032463,
          -0.0165842734,
          -0.0166799519,
          -0.013785677,
          0.0057566562,
          0.0262159072,
          0.0185456816,
          -0.0020012753,
          -0.0114176339,
          -0.0059998389,
          0.0043533714,
          0.0080967927,
          0.0383670777,
          -0.0259288717,
          0.0505182445,
          0.0134826945,
          0.006019772,
          -0.0090176985,
          0.0640408099,
          0.0078017842,
          -0.0415244661,
          0.0255939979,
          0.0424812511,
          -0.0072556194,
          0.0533567071,
          -0.0131398467,
          -0.0232179817,
          0.0044729696,
          -0.0160181746,
          -0.0035301379,
          -0.0242226068,
          -0.0023321633,
          -0.0111943837,
          -0.0296443868,
          0.020586824,
          0.0092887869,
          -0.0279381201,
          -0.0373146124,
          0.0187848788,
          0.0898739994,
          -0.0114734462,
          0.0131239006,
          0.030856315,
          0.0045247953,
          0.0767341554,
          0.0520491004,
          0.001607598,
          0.0173337534,
          0.0350821167,
          0.0538351014,
          0.0369956866,
          -0.0090575647,
          -0.0125179365,
          -0.0587147027,
          -0.0432147868,
          0.0140966317,
          -0.0377930067,
          0.0212884657,
          -0.0118003478,
          0.0295168161,
          -0.0263594259,
          0.0207622331,
          -0.0308882073,
          -0.0251793917,
          -0.0070124366,
          0.0259288717,
          0.0170945581,
          0.0026191988,
          -0.0451602489,
          -0.0112820892,
          0.0167596824,
          0.0341891162,
          0.0273640491,
          -0.0042656665,
          -0.0071081151,
          0.0186094679,
          0.0251474977,
          -0.0071160882,
          0.0055971919,
          -0.0432147868,
          -0.0199968051,
          -0.0354967229,
          -0.0090416176,
          -0.0261999611,
          0.0271407999,
          -0.0002007006,
          -0.0674214438,
          0.0030816449,
          0.0253229085,
          0.0308403689,
          0.0642321631,
          -0.0414287895,
          -0.0157311391,
          -0.0281613711,
          0.0040384298,
          0.005142719,
          -0.0396108963,
          -0.0020690474,
          0.0487960316,
          -0.0134747215,
          -0.0046563535,
          0.0150454435,
          -0.0084914668,
          -0.0017431426,
          0.0052184649,
          -0.0177643076,
          -0.0261361767,
          0.0051666386,
          -0.0205708761,
          -0.0485727824,
          0.0481900685,
          -0.0141205518,
          0.0150773367,
          -0.0359432213,
          0.0292457268,
          0.0054058349,
          0.0024019289,
          -0.0070443293,
          0.0156912729,
          -0.0086589037,
          0.026375372,
          -0.0159783084,
          -0.0434699319,
          -0.0010444903,
          -0.031605795,
          -0.0326263681,
          -0.0116887232,
          -0.0213203579,
          -0.0415882543,
          0.02950087,
          -0.0061991694,
          0.0413650051,
          -0.0073194047,
          -0.0631478056,
          0.000442513,
          0.0328496173,
          0.028910853,
          0.0017491225,
          0.0052423845,
          0.0021109069,
          -0.0311433505,
          0.0092728408,
          -0.0060915309,
          -0.0175251104,
          0.0027328171,
          -0.0720140114,
          -0.0212406255,
          0.0348907597,
          -0.0132355252,
          0.0386541113,
          -0.0378886834,
          0.0600542016,
          0.0412374325,
          0.0337107219,
          -0.0060357186,
          -0.032179866,
          -0.0215755012,
          -0.0216392875,
          -0.0142560955,
          -0.0056131384,
          0.078902863,
          -0.0053699557,
          -0.0229309462,
          -0.0289746374,
          0.0039367713,
          0.0437569655,
          -0.0422898941,
          -0.0349226519,
          -0.034539938,
          0.0441396795,
          -0.013777703,
          -0.0462446064,
          0.0082761897,
          0.00892202,
          -0.0025873061,
          -0.0208260193,
          0.0109392414,
          0.0099585364,
          -0.0315898508,
          0.0288151745,
          0.0281135309,
          0.0021866523,
          -0.03256258,
          -0.064646773,
          -0.0025175405,
          -0.0129405167,
          -0.0092090555,
          0.0016006215,
          -0.0061872094,
          -0.0095279831,
          0.0039387648,
          -0.0308084767,
          0.0173497014,
          0.0104209827,
          0.0163052101,
          0.0184818953,
          0.0075346814,
          -0.0092409477,
          0.016097907,
          -0.0049473755,
          -0.0214479305,
          0.0044012107,
          0.019199485,
          0.0248604622,
          -0.0207143947,
          0.0324190632,
          -0.0019624059,
          -0.0232498739,
          -0.0300111547,
          -0.0073991371,
          0.0392919704,
          0.0660181642,
          0.0103412513,
          -0.0294530299,
          -0.0333917961,
          0.0242704451,
          0.0077938107,
          0.0411417522,
          -0.0540583506,
          0.0184500031,
          -0.0317174233,
          -0.0215117149,
          -0.0036557158,
          -0.0114415539,
          0.0607558452,
          0.0236006957,
          0.0072596059,
          -0.0422261097,
          -0.0047121658,
          0.0122069819,
          0.0201881621,
          0.016289264,
          -0.0196300372,
          0.0338701867,
          0.0145192118,
          0.0154919429,
          -0.086493358,
          0.0097193401,
          -0.0718226582,
          0.0389730409,
          -0.0046882462,
          -0.034539938,
          0.0451602489,
          0.0330728665,
          -0.0029062342,
          0.0117365625,
          0.0049314289,
          0.0004313007,
          0.0220698398,
          -0.002238478,
          -0.0241588205,
          -0.0159703363,
          -0.0023022639,
          -0.0625418425,
          -7.99812e-05,
          -0.0035281444,
          0.0222771429,
          0.010277465,
          0.0008177522,
          -0.0114575,
          -0.0153484251,
          0.0112820892,
          -0.0396108963,
          -0.0062191021,
          -0.0132116061,
          -0.0052025183,
          -0.0033846267,
          -0.0109711345,
          -0.0148859797,
          0.0496571399,
          -0.0156115415,
          -0.0187370386,
          0.0277467631,
          -0.0012398339,
          0.0165842734,
          0.028336782,
          0.0552064925,
          -0.0378886834,
          0.0168234687,
          0.0020491146,
          0.0086110644,
          -0.0300908871,
          -0.0278583895,
          0.0139052747,
          0.0119598117,
          -0.0240471959,
          -0.0182745922,
          0.0166002195,
          0.0226279646,
          -0.011648857,
          0.013977034,
          0.024445856,
          0.0161218271,
          0.019980859,
          -0.0186892003,
          0.0258810334,
          -0.0017541058,
          -0.0176686291,
          -0.0293573514,
          -0.0101977335,
          -0.0046762866,
          0.0156673547,
          -0.0108196437,
          -0.0297719594,
          0.0134189092,
          -0.0198851805,
          0.0095997425,
          0.0050071748,
          -0.0108834291,
          0.0006518097,
          0.01396906,
          -0.0372827202,
          -0.0055334065,
          -0.0060636248,
          0.0212725196,
          0.0232498739,
          -0.0493701026,
          0.0190400202,
          -0.0082203774,
          0.0062828879,
          -0.0097751534,
          -0.0506458171,
          -0.0119119724,
          -0.023473125,
          -0.0111385714,
          0.0369000062,
          -0.0341891162,
          -0.0503268875,
          0.0150853097,
          0.014925845,
          0.0033447607,
          -0.011640884,
          0.0120794103,
          -0.0152607206,
          0.004843724,
          -0.0042058672,
          -0.0103013851,
          -0.0403763242,
          -0.0092648678,
          0.0168075226,
          -0.0161856115,
          0.0229947325,
          -0.0007255619,
          -0.0208100732,
          -0.0215595551,
          -0.0075586014,
          -0.0156434346,
          0.0346994027,
          0.0135464808,
          0.0280656926,
          0.0337426178,
          -0.0044131707,
          0.0005785559,
          -0.0381119326,
          0.0327539369,
          -0.03377451,
          -0.0319725648,
          0.0040324498,
          -0.0222452506,
          -0.0370275788,
          0.0151809882,
          -0.0083878152,
          0.0397384688,
          0.0404720046,
          0.0380162559,
          -0.0242226068,
          -0.0251953378,
          -0.0093685193,
          -0.0038610259,
          -0.0031334707,
          0.0284484066,
          0.0073991371,
          0.0061154505,
          -0.0120475171,
          0.0258810334,
          -0.0237442143,
          -0.0074469764,
          -0.0291500483,
          -0.0275075678,
          0.0103651704,
          0.0382076129,
          0.0094004124,
          -0.0192632712,
          0.0037314612,
          0.0185297355,
          0.0254664272,
          0.0105804475,
          -0.0167277902,
          -0.0177483615,
          0.0048237909,
          -0.0008222371,
          -0.0239355713,
          0.002673018,
          -0.016289264,
          -0.0099984026,
          -0.0376016498,
          0.0003473329,
          0.0062828879,
          0.0334874727,
          0.0035919303,
          0.030074941,
          0.0108834291,
          -0.0383032896,
          0.0080290204,
          0.0092568947,
          -0.001864734,
          0.0146069173,
          0.0278264955,
          -0.0003234133,
          0.016664004,
          0.0143916402,
          0.0146467835,
          0.0084914668,
          0.0324031189,
          -0.0230585169,
          0.0282570496,
          -0.0133312037,
          -0.0290224776,
          -0.0136262123,
          -0.022133626,
          -0.0029759998,
          0.0078416504,
          0.0261999611,
          -0.0064423522,
          -0.0043653315,
          0.0274756756,
          -0.0023082437,
          -0.0189124495,
          -0.0058682812,
          -0.0442991443,
          0.0178918783,
          0.0365491845,
          0.0107718045,
          0.0280816387,
          -0.0051865717,
          0.0295646545,
          -0.0224684998,
          -0.0356242917,
          -0.0531972423,
          0.0286078695,
          -0.0130122751,
          0.02522723,
          -0.0199011266,
          -0.0309360474,
          -0.0245255884,
          0.0157311391,
          0.0367724337,
          0.0042417469,
          0.0021348265,
          0.0291500483,
          0.0280019064,
          0.0058842273,
          0.0382076129,
          0.0320682414,
          0.0093764924,
          -0.0092010824,
          -0.0430234298,
          -0.0050629871,
          -0.0474565327,
          0.0056928704,
          0.0243820697,
          -0.0169350933,
          0.0251793917,
          -0.0170307718,
          -0.0317652598,
          -0.0161935855,
          -0.0360070057,
          -0.0236963741,
          0.0463083908,
          -0.0138494624,
          0.0140009532,
          0.0254664272,
          0.0273162108,
          -0.0047081793,
          0.010476795,
          -0.0240471959,
          0.0014860067,
          -0.0107877506,
          -0.0113379015,
          0.0226758029,
          -0.0327539369,
          0.0221495721,
          0.0406314693,
          -0.0065539768,
          0.0037015618,
          -0.0035401043,
          -0.0256737303,
          -0.0343804732,
          0.0210971087,
          -0.0366129726,
          0.0134189092,
          0.0296762809,
          -0.0210811626,
          -0.013387016,
          -0.0441715717,
          -0.032371223,
          -0.0181948598,
          -0.0163291302,
          0.0047918982,
          0.024445856,
          0.0187529847,
          0.0067373607,
          -0.0098309657,
          0.0170467179,
          0.0063147806,
          0.0358475447,
          -0.0141205518,
          0.0158028975,
          0.0235847495,
          -0.0046483804,
          -0.0028942744,
          0.0098708319,
          0.033583153,
          -0.0260723904,
          0.012230901,
          -0.013977034,
          -0.0179556645,
          0.0183543246,
          0.0266624074,
          -0.0153005859,
          -0.0127890259,
          -0.0403125398,
          -0.0089618862,
          -0.0153404521,
          0.0276510846,
          0.0110428929,
          -0.0115452055,
          -0.0241428744,
          0.0102455728,
          -0.0146547565,
          0.0131717399,
          -0.0029281606,
          -0.0148700327,
          0.0530696735,
          0.0192792173,
          0.0053739422,
          -0.0111226253,
          -0.0121033294,
          0.0183543246,
          -0.0265507828,
          -0.0121272495,
          -0.0032191828,
          0.0058882143,
          0.0152368005,
          0.0033587138,
          -0.0192632712,
          0.0024258485,
          0.0197257157,
          -0.0263434798,
          -0.0236644819,
          0.0270929616,
          0.0388135761,
          0.0018567608,
          -0.0123026604,
          0.0309041552,
          -0.0067373607,
          -0.0077180653,
          -0.0257853549,
          0.0340296514,
          0.0325306877,
          -0.0118003478,
          0.008539306,
          -0.0240312498,
          0.0652208403,
          -0.0005302184,
          -0.0021886455,
          -0.0001011601,
          0.0180991814,
          0.0101897595,
          0.0289746374,
          -0.0093446001,
          -0.020172216,
          -0.0031434372,
          0.0462127142,
          0.0450964645,
          0.0196619313,
          0.0030258324,
          -0.0191675927,
          0.0185137894,
          0.0470738187,
          0.0487322472,
          -0.0077698911,
          -0.0157949254,
          0.0159783084,
          -0.0346675068,
          -0.0247009993,
          -0.0125179365,
          0.0127332136,
          0.0060556517,
          -0.0036038901,
          -0.0098708319,
          -0.0114734462,
          0.0028464352,
          -0.0092090555,
          -0.0154281575,
          -0.0159862824,
          -0.0129644359,
          0.0216552336,
          0.0245096423,
          -0.0181470215,
          0.0390049331,
          -0.0091054039,
          -0.0107877506,
          0.0526550673,
          0.0080967927,
          0.0080369934,
          -0.0099346172,
          -0.0037314612,
          -0.0206027701,
          0.0139451409,
          0.0120873833,
          -0.0233136602,
          -0.0256577842,
          0.0038311265,
          -0.0051985318,
          -0.0259448197,
          0.0281773172,
          0.013961087,
          -0.014343801,
          0.0403125398,
          -0.0139850071,
          0.0025314935,
          0.0124621242,
          -0.0030357989,
          -0.0141046047,
          -0.0092728408,
          0.0014949765,
          0.0216552336,
          0.0343166888,
          -0.0114256069,
          0.0057008439,
          -0.0188646093,
          -0.0048676436,
          0.0065699234,
          0.0059240935,
          -0.0104369298,
          -0.0040125172,
          0.0046404069,
          0.002567373,
          -0.0041141752,
          -0.0010584433,
          -0.0178599861,
          0.0242226068,
          -0.0294211376,
          0.0161457472,
          0.0087067429,
          0.0315579586,
          -0.0179716107,
          0.0342210084,
          -0.0049593356,
          0.0083798412,
          0.0284802988,
          -0.0395152196,
          0.0735448673,
          -0.0097910995,
          -0.0077340119,
          -0.0199330207,
          0.0007519732,
          -0.0179875568,
          0.0018258647,
          -0.0057686162,
          -0.0127332136,
          0.0063068075,
          -0.0218306445,
          0.0148780057,
          0.0019275231,
          0.0641045943,
          0.0056569912,
          -0.042895861,
          -0.015324506,
          0.018051343,
          -0.0042018807,
          0.0107080182,
          0.0259129256,
          -0.0507096015,
          -0.0106282867,
          0.0009702398,
          -0.0192792173,
          0.0216552336,
          -0.0090655377,
          -0.02251634,
          -0.0050191344,
          -0.0171902366,
          -0.0057885488,
          -0.0500079617,
          -0.0291978884,
          -0.0090097254,
          -0.0107797775,
          0.0308084767,
          0.0637856647,
          0.0171264503,
          0.0225801244,
          -0.0066257357,
          0.0126295611,
          -0.0134268822,
          0.0595439188,
          0.0028125492,
          -0.0019295163,
          0.0061074775,
          0.0146069173,
          0.0275554061,
          0.0011491386,
          -0.0180353969,
          -0.0091931084,
          0.0592568815,
          -0.0290543698,
          0.0068131061,
          0.0605963804,
          0.0241428744,
          -0.0427363962,
          -0.0383032896,
          -0.0017491225,
          -0.0190400202,
          0.0049394025,
          -0.0152926128,
          0.0378886834,
          0.0196938235,
          -0.0188008249,
          -0.0219422691,
          -0.0122787403,
          0.0294849239,
          -0.0046483804,
          -0.0063626198,
          -0.0351777934,
          0.0063825529,
          0.0013584354,
          0.0105086882,
          -0.0150773367,
          0.0111226253,
          -0.0274756756,
          -0.0129883559,
          0.0347950794,
          0.0079811811,
          0.0085313329,
          0.012796999,
          -0.0183862168,
          -0.0627969876,
          0.0237761065,
          0.0499441735,
          0.0311911907,
          -0.0339339748,
          0.0154122114,
          0.0387816839,
          -0.0144633995,
          -0.027730817,
          0.0136899985,
          0.0058403751,
          -0.012422258,
          -0.009695421,
          -0.0050789337,
          0.0410141833,
          -0.0397384688,
          0.013187686,
          2.84201e-05,
          -0.027156746,
          -0.0321160816,
          -0.0339977592,
          -0.0896826461,
          0.0058882143,
          0.0216711797,
          -0.0162573718,
          0.0282411035,
          -0.0282889418,
          -0.0075027887,
          0.0035201714,
          0.0356242917,
          0.0185775738,
          0.0335193649,
          0.0307127982,
          0.0096635278,
          0.0278424416,
          0.0159304701,
          -0.0250358731,
          0.0451921448,
          -0.0158268176,
          -0.0392600745,
          -0.0006722411,
          -0.0335512608,
          -0.0114654731,
          0.0095917694,
          0.0206825025,
          0.0085153859,
          0.0530696735,
          -0.0149816582,
          0.0046563535,
          0.0010614333,
          -0.0256577842,
          -0.017461326,
          0.0162254777,
          0.0379843637,
          0.0140647385,
          -0.0388135761,
          -0.0059878794,
          -0.0097193401,
          -0.0367405415,
          0.0152607206,
          -0.0187210925,
          0.0230425708,
          -0.0054297545,
          -0.0236006957,
          0.0299792625,
          -0.01628129,
          -0.0155397821,
          0.0362940431,
          0.0056211115,
          0.0116727762,
          0.0037513943,
          -0.0057247635,
          0.0297400653,
          0.0045726346,
          0.0091054039,
          0.0297719594,
          0.0027208573,
          -0.0469143577,
          -0.0203476269,
          -0.0391962901,
          -0.0061353836,
          0.0089778323,
          -0.0111465445,
          -0.0239834096,
          -0.0048317639,
          -0.0514750294,
          -0.021543609,
          0.0022962838,
          0.0209216978,
          0.031414438,
          0.0101977335,
          0.0100382688,
          0.0111864107,
          0.0165683255,
          0.0206665546,
          -0.0161457472,
          -0.0086190375,
          -0.0077499584,
          0.0020869873,
          -0.0011820281,
          0.0171583444,
          0.0157949254,
          0.0369956866,
          0.0090097254,
          0.0387178995,
          0.0168234687,
          -0.0268378183,
          0.0153563991,
          -0.0357199721,
          0.0045327689,
          0.0138574354,
          -0.0331685469,
          -0.0351777934,
          -0.0027427836,
          0.0070802085,
          -0.0390687175,
          -0.0251474977,
          0.0133312037,
          -0.0017401526,
          -0.034348581,
          -0.0171105042,
          -0.0326582603,
          0.0066576288,
          0.0021986121,
          -0.0386860035,
          0.0085074129,
          -0.003689602,
          0.0026949444,
          -0.0086828237,
          0.0146069173,
          -0.0168553609,
          -0.0255461577,
          0.0397384688,
          0.0328496173,
          -0.0077340119,
          0.0345718302,
          -0.0236963741,
          0.0034484125,
          0.0076781996,
          0.0048477105,
          -0.0016225479,
          -0.0198532883,
          0.0349545442,
          0.0070483158,
          -0.0330090821,
          -0.0003298915,
          -0.00698453,
          -0.0339339748,
          -0.0201084297,
          -0.0209535901,
          0.1630361527,
          0.0027368036,
          0.0146388095,
          -0.0139212208,
          -0.0127252396,
          -0.022293089,
          -0.0014381674,
          -0.0333599038,
          0.0293732975,
          -0.0093446001,
          -0.0024936209,
          -0.0020989471,
          -0.0231860895,
          0.007076222,
          0.0064901914,
          -0.0049075093,
          -0.0040483964,
          -0.0270610675,
          0.0167118441,
          -0.0097113671,
          -0.0042975591,
          -0.0174453799,
          0.0157550592,
          0.0065699234,
          0.0193908419,
          -0.021352252,
          0.012230901,
          -0.0135624269,
          0.0099425903,
          0.0075665745,
          -0.0001673128,
          0.031797152,
          0.021144947,
          0.0058603077,
          -0.0082363235,
          -0.0096077155,
          -0.0004873624,
          -0.0274597276,
          0.0114016877,
          -0.0341891162,
          0.02753946,
          0.0192951635,
          -0.010277465,
          0.0072157532,
          0.0223887675,
          -0.0155637022,
          -0.0138095962,
          -0.0263275336,
          -0.0138893286,
          0.0199649129,
          -0.0258172471,
          0.0269972831,
          -0.0071479809,
          0.0086349845,
          0.0083001098,
          -0.0313666016,
          -0.0107399113,
          -0.0028205223,
          0.0420347527,
          -0.0276351385,
          -0.0085791722,
          -0.0293573514,
          0.0323552787,
          -0.0208260193,
          0.0102296257,
          0.0067413473,
          -0.0582682043,
          -0.0083240289,
          0.0010415002,
          -0.0066775619,
          -0.0151570681,
          0.0054775937,
          0.04232179,
          -0.0169510394,
          -0.0071240612,
          -0.0107000452,
          0.0075904941,
          -0.042130433,
          -0.0392919704,
          -0.0195343588,
          0.0221655183,
          0.00105944,
          0.0208898056,
          -0.0218944289,
          0.0258491412,
          -0.0356561877,
          -0.0056131384,
          0.0061274106,
          0.0025514266,
          -0.0271089077,
          -0.006884865,
          -0.0042297868,
          0.0316855274,
          0.0433742516,
          -0.0178918783,
          0.0073433244,
          -0.0010604367,
          -0.0064383657,
          0.0163291302,
          -0.0113139823,
          0.02482857,
          0.0135225607,
          -0.0035480775,
          0.0015418191,
          0.0105565274,
          -0.0175729506,
          -0.0084755197,
          -0.0061752498,
          0.0342210084,
          0.0162653439,
          0.0295965485,
          -0.0396746844,
          0.0008870194,
          -0.0506777093,
          -0.0102694919,
          0.0074270433,
          0.0027248438,
          -0.0143756941,
          0.0181948598,
          -0.0410779677,
          -0.0123026604,
          0.0048636571,
          0.0191038065,
          -0.0091452692,
          -0.0146148903,
          0.0012517937,
          0.0100302957,
          0.0183862168,
          0.0252112839,
          -0.0023620629,
          -0.0161856115,
          0.0097751534,
          0.0137458108,
          -0.0192951635,
          0.0124461781,
          0.0240471959,
          0.0159543902,
          -0.0100462418,
          0.0298038516,
          -0.0084037613,
          -0.0187051464,
          0.0058563212,
          0.0254823733,
          -0.0113458754,
          0.0254664272,
          0.0120156249,
          0.0007449967,
          0.0391643979,
          0.0020550943,
          0.0115691246,
          -0.045415394,
          -0.0151092289,
          -0.0028922812,
          0.004652367,
          0.0252431761,
          0.0127092935,
          -0.0049314289,
          0.0145192118,
          -0.0133710699,
          0.0023959491,
          -0.0126534812,
          0.019008128,
          -0.0059759193,
          0.0065898565,
          0.0373465046,
          -0.0074071102,
          0.029309513,
          0.0195343588,
          -0.0130840344,
          -0.0246212669,
          -0.0164885949,
          0.0336150452,
          0.0101100281,
          -0.0204273593,
          -0.0044490499,
          -0.0236644819,
          -0.0137139177,
          0.0020810072,
          0.0076463064,
          -0.0065180976,
          0.00169929,
          -0.0437888578,
          0.0025972726,
          0.0135863461,
          -0.0095598763,
          0.0026451119,
          -0.0010215673,
          -0.0327220447,
          -0.0379843637,
          -0.0069685839,
          -0.0143198818,
          -0.0044291168,
          0.0015109229,
          0.0144155603,
          -0.0515069254,
          0.0038211599,
          0.0040743095,
          -0.0443948209,
          0.0091532432,
          0.0025035874,
          0.0116887232,
          -0.0037454145,
          0.0280656926,
          0.0414287895,
          0.0250677653,
          -0.0119837318,
          0.0228352677,
          0.0193908419,
          -0.0346356146,
          0.0200446453,
          0.0233455524,
          -0.0069606104,
          -0.0267899781,
          -0.0114016877,
          -0.0024318285,
          -0.0012228908,
          0.03256258,
          0.0190719143,
          -0.0176845752,
          0.0108834291,
          0.0193748958,
          -0.0468505695,
          0.0375059694,
          -0.0499760695,
          -0.0506458171,
          0.0068250662,
          -0.0143916402,
          -0.0108116698,
          -0.0123903649,
          -0.0316855274,
          0.0097352872,
          0.040344432,
          0.0020750274,
          -0.0028863014,
          -0.0065699234,
          -0.0201243777,
          -0.0217030719,
          -0.040153075,
          -0.0014551105,
          0.0068410123,
          -0.0270929616,
          -0.0181948598,
          -0.007279539,
          -0.0376973264,
          0.0175091643,
          0.011648857,
          0.0099744834,
          -0.0110987052,
          -0.0179397184,
          0.0484452136,
          0.025801301,
          0.0007096155,
          0.0105565274,
          -0.0315260664,
          -0.021352252,
          -0.0117764287,
          0.0219422691,
          -0.0091771623,
          0.0042218138,
          0.015515863,
          0.0107478844,
          0.0053181299,
          0.0210971087,
          -0.0121591426,
          0.014734488,
          0.0029700201,
          0.000552643,
          0.0280656926,
          0.0007729029,
          -0.02910221,
          0.0133232307,
          0.0008920027,
          0.0029919464,
          -0.0289267991,
          -0.0134508023,
          -0.0009134306,
          0.0076981322,
          -0.0014421541,
          -0.0092568947,
          0.0389730409,
          -0.0274118893,
          0.0073473114,
          0.0147903012,
          -0.0712485835,
          -0.0042616795,
          -0.00679716,
          -0.0066576288,
          0.0435018241,
          -0.0216233395,
          -0.013777703,
          0.0186094679,
          0.0007435016,
          -0.0035002383,
          0.0215595551,
          0.0185137894,
          0.0316536352,
          -0.0351140089,
          0.0148780057,
          0.0279062279,
          0.0028823146,
          0.0147743542,
          -0.0277946033,
          0.0448094308,
          -0.0021328332,
          0.0219582152,
          -0.0104608489,
          -0.0253229085,
          0.0276351385,
          0.0327539369,
          -0.0145192118,
          -0.013785677,
          -0.0215914473,
          -0.01396906,
          -0.0092728408,
          0.0094482517,
          -8.29712e-05,
          0.0028265023,
          -0.006394513,
          -0.0165842734,
          0.0032949282,
          0.0341253318,
          0.0202519484,
          -0.0016006215,
          -0.05629085,
          -0.0376654342,
          0.0174453799,
          -0.0231063571,
          0.0299792625,
          0.0208419655,
          -0.0173656475,
          -0.0026710248,
          0.0160420947,
          8.33449e-05,
          -0.0314622782,
          -0.0071240612,
          -0.0306330658,
          -0.0196300372,
          0.0059440266,
          0.0016683937,
          -0.0171583444,
          0.0107718045,
          0.0486684628,
          0.0096794749,
          -0.0006164286,
          0.0611704513,
          0.0319725648,
          0.0543453842,
          0.0082363235,
          0.010476795,
          0.0310636181,
          0.0023740227,
          -0.025992658,
          0.0125179365,
          -0.0061513302,
          -0.0208419655,
          0.0110189738,
          0.0266783535,
          -0.0406314693,
          -0.0116010178,
          0.0002897763,
          -0.0074788691,
          0.0131478198,
          -0.0176048428,
          -0.0218944289,
          0.0138494624,
          0.0232977141,
          -0.0066456688,
          0.0124302311,
          -0.0191516448,
          -0.0243501775,
          -0.0170945581,
          -0.0130680883,
          -0.0104369298,
          -0.0327220447,
          0.0021866523,
          -0.0075386683,
          -0.0180672891,
          -0.0095758224,
          -0.0297719594,
          -0.0005466631,
          -0.0265188906,
          -0.0234890711,
          -0.014160417,
          -0.0052144779,
          0.0306330658,
          0.0126774004,
          -0.0287354421,
          -0.0111784376,
          0.0024417948
        ]
      }
    }
  }
}